{"type": "FeatureCollection", "features": [{"type": "Feature", "properties": {"id": "osm-node-675546475", "name": "Alphonsa Eye Hospital", "facility_type": "private_clinic", "sector": "private", "state": "Kerala", "district": "Kottayam", "block": null, "address_raw": "", "geocode_precision": "exact", "services": [], "services_raw": "amenity=hospital", "source": "OpenStreetMap / Overpass", "source_url": "https://www.openstreetmap.org/node/675546475", "retrieved_at": "2026-09-22T17:24:13Z"}, "geometry": {"type": "Point", "coordinates": [76.6765231, 9.7088081]}}, {"type": "Feature", "properties": {"id": "osm-node-690414609", "name": "General Hospital", "facility_type": "district_hospital", "sector": "government", "state": "Kerala", "district": "Kottayam", "block": null, "address_raw": "686575", "geocode_precision": "exact", "services": [], "services_raw": "amenity=hospital; healthcare=hospital", "source": "OpenStreetMap / Overpass", "source_url": "https://www.openstreetmap.org/node/690414609", "retrieved_at": "2026-09-22T17:24:13Z"}, "geometry": {"type": "Point", "coordinates": [76.6809641, 9.711455]}}, {"type": "Feature", "properties": {"id": "osm-node-748739164", "name": "Mar Kavukatt Memorial Hospital, Anthinad", "facility_type": "private_clinic", "sector": "private", "state": "Kerala", "district": "Kottayam", "block": null, "address_raw": "686651", "geocode_precision": "exact", "services": [], "services_raw": "amenity=hospital", "source": "OpenStreetMap / Overpass", "source_url": "https://www.openstreetmap.org/node/748739164", "retrieved_at": "2026-09-22T17:24:13Z"}, "geometry": {"type": "Point", "coordinates": [76.703386, 9.7473158]}}, {"type": "Feature", "properties": {"id": "osm-node-836113240", "name": "Christuraj Hospital", "facility_type": "private_clinic", "sector": "private", "state": "Kerala", "district": "Kottayam", "block": null, "address_raw": "", "geocode_precision": "exact", "services": [], "services_raw": "amenity=hospital; healthcare=hospital", "source": "OpenStreetMap / Overpass", "source_url": "https://www.openstreetmap.org/node/836113240", "retrieved_at": "2026-09-22T17:24:13Z"}, "geometry": {"type": "Point", "coordinates": [76.6813947, 9.7117351]}}, {"type": "Feature", "properties": {"id": "osm-node-997575962", "name": "Little Lourdes Hospital Kidangoor", "facility_type": "private_clinic", "sector": "private", "state": "Kerala", "district": "Kottayam", "block": null, "address_raw": "", "geocode_precision": "exact", "services": [], "services_raw": "amenity=hospital; healthcare=hospital", "source": "OpenStreetMap / Overpass", "source_url": "https://www.openstreetmap.org/node/997575962", "retrieved_at": "2026-09-22T17:24:13Z"}, "geometry": {"type": "Point", "coordinates": [76.6117672, 9.6834087]}}, {"type": "Feature", "properties": {"id": "osm-node-1026208607", "name": "Holy Family Hospital Plassanal", "facility_type": "private_clinic", "sector": "private", "state": "Kerala", "district": "Kottayam", "block": null, "address_raw": "", "geocode_precision": "exact", "services": [], "services_raw": "amenity=hospital", "source": "OpenStreetMap / Overpass", "source_url": "https://www.openstreetmap.org/node/1026208607", "retrieved_at": "2026-09-22T17:24:13Z"}, "geometry": {"type": "Point", "coordinates": [76.7598364, 9.7062998]}}, {"type": "Feature", "properties": {"id": "osm-node-1026823949", "name": "Sushrusha Hospital, Kozha Kuravlingad", "facility_type": "private_clinic", "sector": "private", "state": "Kerala", "district": "Kottayam", "block": null, "address_raw": "", "geocode_precision": "exact", "services": [], "services_raw": "amenity=hospital", "source": "OpenStreetMap / Overpass", "source_url": "https://www.openstreetmap.org/node/1026823949", "retrieved_at": "2026-09-22T17:24:13Z"}, "geometry": {"type": "Point", "coordinates": [76.5677558, 9.761646]}}, {"type": "Feature", "properties": {"id": "osm-node-1734272535", "name": "Govt Ayurvedic Hospital Marangattupilly", "facility_type": "private_clinic", "sector": "private", "state": "Kerala", "district": "Kottayam", "block": null, "address_raw": "", "geocode_precision": "exact", "services": [], "services_raw": "amenity=hospital", "source": "OpenStreetMap / Overpass", "source_url": "https://www.openstreetmap.org/node/1734272535", "retrieved_at": "2026-09-22T17:24:13Z"}, "geometry": {"type": "Point", "coordinates": [76.6210694, 9.7378712]}}, {"type": "Feature", "properties": {"id": "osm-node-1763921958", "name": "Sacred Heart Hospital, Chakkampuzha", "facility_type": "private_clinic", "sector": "private", "state": "Kerala", "district": "Kottayam", "block": null, "address_raw": "", "geocode_precision": "exact", "services": [], "services_raw": "amenity=hospital; healthcare=hospital", "source": "OpenStreetMap / Overpass", "source_url": "https://www.openstreetmap.org/node/1763921958", "retrieved_at": "2026-09-22T17:24:13Z"}, "geometry": {"type": "Point", "coordinates": [76.6517176, 9.767019]}}, {"type": "Feature", "properties": {"id": "osm-node-1954307174", "name": "Taluk Headquarters Hospital, vaikom", "facility_type": "district_hospital", "sector": "government", "state": "Kerala", "district": "Kottayam", "block": null, "address_raw": "", "geocode_precision": "exact", "services": [], "services_raw": "amenity=hospital; healthcare=hospital", "source": "OpenStreetMap / Overpass", "source_url": "https://www.openstreetmap.org/node/1954307174", "retrieved_at": "2026-09-22T17:24:13Z"}, "geometry": {"type": "Point", "coordinates": [76.3899657, 9.7502732]}}, {"type": "Feature", "properties": {"id": "osm-node-2237102126", "name": "Oshana Mount Hospital", "facility_type": "private_clinic", "sector": "private", "state": "Kerala", "district": "Kottayam", "block": null, "address_raw": "", "geocode_precision": "exact", "services": [], "services_raw": "amenity=hospital", "source": "OpenStreetMap / Overpass", "source_url": "https://www.openstreetmap.org/node/2237102126", "retrieved_at": "2026-09-22T17:24:13Z"}, "geometry": {"type": "Point", "coordinates": [76.7294329, 9.6893734]}}, {"type": "Feature", "properties": {"id": "osm-node-2595496255", "name": "St. Thomas Hospital, Chethipuzha", "facility_type": "private_clinic", "sector": "private", "state": "Kerala", "district": "Kottayam", "block": null, "address_raw": "Chethipuzha, Kurishmoodu Road, Changanacherry, 686104", "geocode_precision": "exact", "services": [], "services_raw": "amenity=hospital; healthcare=hospital; healthcare:speciality=general", "source": "OpenStreetMap / Overpass", "source_url": "https://www.openstreetmap.org/node/2595496255", "retrieved_at": "2026-09-22T17:24:13Z"}, "geometry": {"type": "Point", "coordinates": [76.5524968, 9.4626186]}}, {"type": "Feature", "properties": {"id": "osm-node-2898696103", "name": "TP George Ayurvedic medicine", "facility_type": "private_clinic", "sector": "private", "state": "Kerala", "district": "Kottayam", "block": null, "address_raw": "", "geocode_precision": "exact", "services": [], "services_raw": "amenity=clinic", "source": "OpenStreetMap / Overpass", "source_url": "https://www.openstreetmap.org/node/2898696103", "retrieved_at": "2026-09-22T17:24:13Z"}, "geometry": {"type": "Point", "coordinates": [76.7630698, 9.667882]}}, {"type": "Feature", "properties": {"id": "osm-node-2906166024", "name": "Kizhaparayar Primary Health Centre", "facility_type": "private_clinic", "sector": "private", "state": "Kerala", "district": "Kottayam", "block": null, "address_raw": "", "geocode_precision": "exact", "services": [], "services_raw": "amenity=clinic", "source": "OpenStreetMap / Overpass", "source_url": "https://www.openstreetmap.org/node/2906166024", "retrieved_at": "2026-09-22T17:24:13Z"}, "geometry": {"type": "Point", "coordinates": [76.7099861, 9.6967265]}}, {"type": "Feature", "properties": {"id": "osm-node-2914441594", "name": "Paika CHC", "facility_type": "district_hospital", "sector": "government", "state": "Kerala", "district": "Kottayam", "block": null, "address_raw": "Pala-Ponkunam Road, 686577", "geocode_precision": "exact", "services": [], "services_raw": "amenity=hospital; healthcare=hospital; healthcare:speciality=general;gynaecology;internal", "source": "OpenStreetMap / Overpass", "source_url": "https://www.openstreetmap.org/node/2914441594", "retrieved_at": "2026-09-22T17:24:13Z"}, "geometry": {"type": "Point", "coordinates": [76.7245092, 9.6515945]}}, {"type": "Feature", "properties": {"id": "osm-node-2921371762", "name": "MES Hospital", "facility_type": "private_clinic", "sector": "private", "state": "Kerala", "district": "Kottayam", "block": null, "address_raw": "", "geocode_precision": "exact", "services": [], "services_raw": "amenity=hospital; healthcare=hospital", "source": "OpenStreetMap / Overpass", "source_url": "https://www.openstreetmap.org/node/2921371762", "retrieved_at": "2026-09-22T17:24:13Z"}, "geometry": {"type": "Point", "coordinates": [76.7843456, 9.685167]}}, {"type": "Feature", "properties": {"id": "osm-node-3007217126", "name": "Pala Government Hospital Homeo Hospital", "facility_type": "private_clinic", "sector": "private", "state": "Kerala", "district": "Kottayam", "block": null, "address_raw": "", "geocode_precision": "exact", "services": [], "services_raw": "amenity=hospital", "source": "OpenStreetMap / Overpass", "source_url": "https://www.openstreetmap.org/node/3007217126", "retrieved_at": "2026-09-22T17:24:13Z"}, "geometry": {"type": "Point", "coordinates": [76.6952268, 9.7159494]}}, {"type": "Feature", "properties": {"id": "osm-node-3177442206", "name": "Government Ayurveda Dispensary, Choodachery", "facility_type": "private_clinic", "sector": "private", "state": "Kerala", "district": "Kottayam", "block": null, "address_raw": "", "geocode_precision": "exact", "services": [], "services_raw": "amenity=clinic; healthcare=clinic", "source": "OpenStreetMap / Overpass", "source_url": "https://www.openstreetmap.org/node/3177442206", "retrieved_at": "2026-09-22T17:24:13Z"}, "geometry": {"type": "Point", "coordinates": [76.7227585, 9.7336461]}}, {"type": "Feature", "properties": {"id": "osm-node-3244448704", "name": "Mercy Hospital, Chengalam", "facility_type": "private_clinic", "sector": "private", "state": "Kerala", "district": "Kottayam", "block": null, "address_raw": "", "geocode_precision": "exact", "services": [], "services_raw": "amenity=hospital", "source": "OpenStreetMap / Overpass", "source_url": "https://www.openstreetmap.org/node/3244448704", "retrieved_at": "2026-09-22T17:24:13Z"}, "geometry": {"type": "Point", "coordinates": [76.7076871, 9.6175954]}}, {"type": "Feature", "properties": {"id": "osm-node-3286245540", "name": "OmShri Siddha Vaidya Centre", "facility_type": "private_clinic", "sector": "private", "state": "Kerala", "district": "Kottayam", "block": null, "address_raw": "", "geocode_precision": "exact", "services": [], "services_raw": "amenity=clinic", "source": "OpenStreetMap / Overpass", "source_url": "https://www.openstreetmap.org/node/3286245540", "retrieved_at": "2026-09-22T17:24:13Z"}, "geometry": {"type": "Point", "coordinates": [76.5744852, 9.7206668]}}, {"type": "Feature", "properties": {"id": "osm-node-3400302354", "name": "Cardinal Speciallity Hospital", "facility_type": "private_clinic", "sector": "private", "state": "Kerala", "district": "Kottayam", "block": null, "address_raw": "", "geocode_precision": "exact", "services": [], "services_raw": "amenity=hospital", "source": "OpenStreetMap / Overpass", "source_url": "https://www.openstreetmap.org/node/3400302354", "retrieved_at": "2026-09-22T17:24:13Z"}, "geometry": {"type": "Point", "coordinates": [76.573035, 9.7955293]}}, {"type": "Feature", "properties": {"id": "osm-node-3400302359", "name": "Primary HEalth Centre", "facility_type": "private_clinic", "sector": "private", "state": "Kerala", "district": "Kottayam", "block": null, "address_raw": "", "geocode_precision": "exact", "services": [], "services_raw": "amenity=clinic", "source": "OpenStreetMap / Overpass", "source_url": "https://www.openstreetmap.org/node/3400302359", "retrieved_at": "2026-09-22T17:24:13Z"}, "geometry": {"type": "Point", "coordinates": [76.5719542, 9.7952612]}}, {"type": "Feature", "properties": {"id": "osm-node-3410116942", "name": "Chaithanya Homeo Clinic", "facility_type": "private_clinic", "sector": "private", "state": "Kerala", "district": "Kottayam", "block": null, "address_raw": "", "geocode_precision": "exact", "services": [], "services_raw": "amenity=clinic", "source": "OpenStreetMap / Overpass", "source_url": "https://www.openstreetmap.org/node/3410116942", "retrieved_at": "2026-09-22T17:24:13Z"}, "geometry": {"type": "Point", "coordinates": [76.5864475, 9.6860882]}}, {"type": "Feature", "properties": {"id": "osm-node-3428970328", "name": "Govt Ayurvedic Dispensary", "facility_type": "private_clinic", "sector": "private", "state": "Kerala", "district": "Kottayam", "block": null, "address_raw": "", "geocode_precision": "exact", "services": [], "services_raw": "amenity=clinic; healthcare=clinic", "source": "OpenStreetMap / Overpass", "source_url": "https://www.openstreetmap.org/node/3428970328", "retrieved_at": "2026-09-22T17:24:13Z"}, "geometry": {"type": "Point", "coordinates": [76.5867924, 9.6999352]}}, {"type": "Feature", "properties": {"id": "osm-node-3433337203", "name": "Mannam Memorial N.S.S Ayurveda Hospital", "facility_type": "private_clinic", "sector": "private", "state": "Kerala", "district": "Kottayam", "block": null, "address_raw": "", "geocode_precision": "exact", "services": [], "services_raw": "amenity=hospital; healthcare=hospital", "source": "OpenStreetMap / Overpass", "source_url": "https://www.openstreetmap.org/node/3433337203", "retrieved_at": "2026-09-22T17:24:13Z"}, "geometry": {"type": "Point", "coordinates": [76.62556, 9.6864654]}}, {"type": "Feature", "properties": {"id": "osm-node-3555653071", "name": "NSS Medical Mission Hospital", "facility_type": "private_clinic", "sector": "private", "state": "Kerala", "district": "Kottayam", "block": null, "address_raw": "MC Road, changanacherry, 686102", "geocode_precision": "exact", "services": [], "services_raw": "amenity=hospital; healthcare=hospital; healthcare:speciality=general", "source": "OpenStreetMap / Overpass", "source_url": "https://www.openstreetmap.org/node/3555653071", "retrieved_at": "2026-09-22T17:24:13Z"}, "geometry": {"type": "Point", "coordinates": [76.5437928, 9.4390911]}}, {"type": "Feature", "properties": {"id": "osm-node-3808155015", "name": "Karuna Bhavan And Homeo Clinic", "facility_type": "private_clinic", "sector": "private", "state": "Kerala", "district": "Kottayam", "block": null, "address_raw": "Mundakayam - Elavungal State Highway, Pallippady", "geocode_precision": "exact", "services": [], "services_raw": "amenity=clinic; healthcare=clinic", "source": "OpenStreetMap / Overpass", "source_url": "https://www.openstreetmap.org/node/3808155015", "retrieved_at": "2026-09-22T17:24:13Z"}, "geometry": {"type": "Point", "coordinates": [76.9542668, 9.4781298]}}, {"type": "Feature", "properties": {"id": "osm-node-3809804226", "name": "Assisi Hospital", "facility_type": "private_clinic", "sector": "private", "state": "Kerala", "district": "Kottayam", "block": null, "address_raw": "686510", "geocode_precision": "exact", "services": [], "services_raw": "amenity=hospital; healthcare=hospital", "source": "OpenStreetMap / Overpass", "source_url": "https://www.openstreetmap.org/node/3809804226", "retrieved_at": "2026-09-22T17:24:13Z"}, "geometry": {"type": "Point", "coordinates": [76.8716873, 9.4487257]}}, {"type": "Feature", "properties": {"id": "osm-node-3809804246", "name": "Kizhakkemuri Homeo Clinic", "facility_type": "private_clinic", "sector": "private", "state": "Kerala", "district": "Kottayam", "block": null, "address_raw": "", "geocode_precision": "exact", "services": [], "services_raw": "amenity=hospital", "source": "OpenStreetMap / Overpass", "source_url": "https://www.openstreetmap.org/node/3809804246", "retrieved_at": "2026-09-22T17:24:13Z"}, "geometry": {"type": "Point", "coordinates": [76.8777554, 9.4471923]}}, {"type": "Feature", "properties": {"id": "osm-node-3810992545", "name": "Chembankulam Homeo Clinic", "facility_type": "private_clinic", "sector": "private", "state": "Kerala", "district": "Kottayam", "block": null, "address_raw": "", "geocode_precision": "exact", "services": [], "services_raw": "amenity=hospital", "source": "OpenStreetMap / Overpass", "source_url": "https://www.openstreetmap.org/node/3810992545", "retrieved_at": "2026-09-22T17:24:13Z"}, "geometry": {"type": "Point", "coordinates": [76.8862156, 9.534461]}}, {"type": "Feature", "properties": {"id": "osm-node-3812325550", "name": "Unnamed mapped hospital", "facility_type": "private_clinic", "sector": "private", "state": "Kerala", "district": "Kottayam", "block": null, "address_raw": "", "geocode_precision": "exact", "services": [], "services_raw": "amenity=hospital; healthcare=hospital", "source": "OpenStreetMap / Overpass", "source_url": "https://www.openstreetmap.org/node/3812325550", "retrieved_at": "2026-09-22T17:24:13Z"}, "geometry": {"type": "Point", "coordinates": [76.8455924, 9.4831663]}}, {"type": "Feature", "properties": {"id": "osm-node-4292150695", "name": "Divine Hospital", "facility_type": "private_clinic", "sector": "private", "state": "Kerala", "district": "Kottayam", "block": null, "address_raw": "Kuruppamthara - Kallara Road", "geocode_precision": "exact", "services": [], "services_raw": "amenity=hospital; healthcare=hospital", "source": "OpenStreetMap / Overpass", "source_url": "https://www.openstreetmap.org/node/4292150695", "retrieved_at": "2026-09-22T17:24:13Z"}, "geometry": {"type": "Point", "coordinates": [76.5057396, 9.7332933]}}, {"type": "Feature", "properties": {"id": "osm-node-4455956064", "name": "Kottakkal Arya Vaidya Sala", "facility_type": "private_clinic", "sector": "private", "state": "Kerala", "district": "Kottayam", "block": null, "address_raw": "", "geocode_precision": "exact", "services": [], "services_raw": "amenity=clinic; healthcare=clinic; healthcare:speciality=ayurveda", "source": "OpenStreetMap / Overpass", "source_url": "https://www.openstreetmap.org/node/4455956064", "retrieved_at": "2026-09-22T17:24:13Z"}, "geometry": {"type": "Point", "coordinates": [76.7569933, 9.5646524]}}, {"type": "Feature", "properties": {"id": "osm-node-4459396006", "name": "Amala Ayurveda Hospital", "facility_type": "private_clinic", "sector": "private", "state": "Kerala", "district": "Kottayam", "block": null, "address_raw": "Pala-Ponkunam Road, attickal", "geocode_precision": "exact", "services": [], "services_raw": "amenity=hospital; healthcare=hospital; healthcare:speciality=ayurveda", "source": "OpenStreetMap / Overpass", "source_url": "https://www.openstreetmap.org/node/4459396006", "retrieved_at": "2026-09-22T17:24:13Z"}, "geometry": {"type": "Point", "coordinates": [76.7494055, 9.572654]}}, {"type": "Feature", "properties": {"id": "osm-node-4478273134", "name": "Government Homoeo Dispensary", "facility_type": "phc", "sector": "government", "state": "Kerala", "district": "Kottayam", "block": null, "address_raw": "ponkunnam, 686506", "geocode_precision": "exact", "services": [], "services_raw": "amenity=clinic; healthcare=clinic; healthcare:speciality=general", "source": "OpenStreetMap / Overpass", "source_url": "https://www.openstreetmap.org/node/4478273134", "retrieved_at": "2026-09-22T17:24:13Z"}, "geometry": {"type": "Point", "coordinates": [76.7597377, 9.5572951]}}, {"type": "Feature", "properties": {"id": "osm-node-4517384886", "name": "Punnamparambil eye clinic", "facility_type": "private_clinic", "sector": "private", "state": "Kerala", "district": "Kottayam", "block": null, "address_raw": "", "geocode_precision": "exact", "services": [], "services_raw": "amenity=clinic; healthcare=clinic; healthcare:speciality=ophthalmology", "source": "OpenStreetMap / Overpass", "source_url": "https://www.openstreetmap.org/node/4517384886", "retrieved_at": "2026-09-22T17:24:13Z"}, "geometry": {"type": "Point", "coordinates": [76.7615679, 9.5637665]}}, {"type": "Feature", "properties": {"id": "osm-node-4528778489", "name": "Dr. James Vechoor's Clinic", "facility_type": "private_clinic", "sector": "private", "state": "Kerala", "district": "Kottayam", "block": null, "address_raw": "", "geocode_precision": "exact", "services": [], "services_raw": "amenity=clinic; healthcare=clinic; healthcare:speciality=otorhinolaryngology", "source": "OpenStreetMap / Overpass", "source_url": "https://www.openstreetmap.org/node/4528778489", "retrieved_at": "2026-09-22T17:24:13Z"}, "geometry": {"type": "Point", "coordinates": [76.7559018, 9.5649265]}}, {"type": "Feature", "properties": {"id": "osm-node-4746991323", "name": "K R Narayanan Memorial Government Hospital", "facility_type": "private_clinic", "sector": "private", "state": "Kerala", "district": "Kottayam", "block": null, "address_raw": "Kurichithanam - Uzhavoor Road, 686634", "geocode_precision": "exact", "services": [], "services_raw": "amenity=hospital; healthcare=hospital", "source": "OpenStreetMap / Overpass", "source_url": "https://www.openstreetmap.org/node/4746991323", "retrieved_at": "2026-09-22T17:24:13Z"}, "geometry": {"type": "Point", "coordinates": [76.611666, 9.784913]}}, {"type": "Feature", "properties": {"id": "osm-node-4773912364", "name": "Sushalayam Medical Trust Hospital", "facility_type": "private_clinic", "sector": "private", "state": "Kerala", "district": "Kottayam", "block": null, "address_raw": "", "geocode_precision": "exact", "services": [], "services_raw": "amenity=hospital", "source": "OpenStreetMap / Overpass", "source_url": "https://www.openstreetmap.org/node/4773912364", "retrieved_at": "2026-09-22T17:24:13Z"}, "geometry": {"type": "Point", "coordinates": [76.7311323, 9.5066247]}}, {"type": "Feature", "properties": {"id": "osm-node-4841844207", "name": "ECHS Polyclinic", "facility_type": "private_clinic", "sector": "private", "state": "Kerala", "district": "Kottayam", "block": null, "address_raw": "Chethipuzha, Kurishmoodu Road", "geocode_precision": "exact", "services": [], "services_raw": "amenity=clinic", "source": "OpenStreetMap / Overpass", "source_url": "https://www.openstreetmap.org/node/4841844207", "retrieved_at": "2026-09-22T17:24:13Z"}, "geometry": {"type": "Point", "coordinates": [76.5537254, 9.4598659]}}, {"type": "Feature", "properties": {"id": "osm-node-5518921573", "name": "Community Health Centre Ramapuram", "facility_type": "district_hospital", "sector": "government", "state": "Kerala", "district": "Kottayam", "block": null, "address_raw": "Ramapuram- Pizhaku road, Ramapuram, 686576", "geocode_precision": "exact", "services": [], "services_raw": "amenity=hospital; healthcare=hospital", "source": "OpenStreetMap / Overpass", "source_url": "https://www.openstreetmap.org/node/5518921573", "retrieved_at": "2026-09-22T17:24:13Z"}, "geometry": {"type": "Point", "coordinates": [76.6623757, 9.8022635]}}, {"type": "Feature", "properties": {"id": "osm-node-5860529869", "name": "Indo-American Hospital", "facility_type": "private_clinic", "sector": "private", "state": "Kerala", "district": "Kottayam", "block": null, "address_raw": "Akkarappadam, Vaikom, 686143", "geocode_precision": "exact", "services": [], "services_raw": "amenity=hospital; healthcare=hospital", "source": "OpenStreetMap / Overpass", "source_url": "https://www.openstreetmap.org/node/5860529869", "retrieved_at": "2026-09-22T17:24:13Z"}, "geometry": {"type": "Point", "coordinates": [76.3769383, 9.7910482]}}, {"type": "Feature", "properties": {"id": "osm-node-6127562721", "name": "Dr. Venu's Child Care", "facility_type": "private_clinic", "sector": "private", "state": "Kerala", "district": "Kottayam", "block": null, "address_raw": "TB Road, Kanjirappally", "geocode_precision": "exact", "services": [], "services_raw": "amenity=clinic; healthcare=clinic; healthcare:speciality=paediatrics", "source": "OpenStreetMap / Overpass", "source_url": "https://www.openstreetmap.org/node/6127562721", "retrieved_at": "2026-09-22T17:24:13Z"}, "geometry": {"type": "Point", "coordinates": [76.7794115, 9.5588432]}}, {"type": "Feature", "properties": {"id": "osm-node-6552435292", "name": "Primary Health Center, Thidanadu", "facility_type": "district_hospital", "sector": "government", "state": "Kerala", "district": "Kottayam", "block": null, "address_raw": "Sabarimala - Kodaikkanal Road, Thidanad, 686508", "geocode_precision": "exact", "services": [], "services_raw": "amenity=hospital; healthcare=hospital; healthcare:speciality=general", "source": "OpenStreetMap / Overpass", "source_url": "https://www.openstreetmap.org/node/6552435292", "retrieved_at": "2026-09-22T17:24:13Z"}, "geometry": {"type": "Point", "coordinates": [76.7777115, 9.6537461]}}, {"type": "Feature", "properties": {"id": "osm-node-6950309040", "name": "St. Ritas Hospital", "facility_type": "private_clinic", "sector": "private", "state": "Kerala", "district": "Kottayam", "block": null, "address_raw": "686548", "geocode_precision": "exact", "services": [], "services_raw": "amenity=hospital; healthcare:speciality=general;ophthalmology;urology;gynaecology;paediatrics;dermatology;orthopaedics;covid19;vaccination", "source": "OpenStreetMap / Overpass", "source_url": "https://www.openstreetmap.org/node/6950309040", "retrieved_at": "2026-09-22T17:24:13Z"}, "geometry": {"type": "Point", "coordinates": [76.5610439, 9.4247684]}}, {"type": "Feature", "properties": {"id": "osm-node-6950328283", "name": "Paret Mar Ivanios Hospital", "facility_type": "private_clinic", "sector": "private", "state": "Kerala", "district": "Kottayam", "block": null, "address_raw": "686011", "geocode_precision": "exact", "services": [], "services_raw": "amenity=hospital; healthcare=hospital", "source": "OpenStreetMap / Overpass", "source_url": "https://www.openstreetmap.org/node/6950328283", "retrieved_at": "2026-09-22T17:24:13Z"}, "geometry": {"type": "Point", "coordinates": [76.5666789, 9.5531815]}}, {"type": "Feature", "properties": {"id": "osm-node-6950708015", "name": "Mercy Hospital, Kottayam", "facility_type": "private_clinic", "sector": "private", "state": "Kerala", "district": "Kottayam", "block": null, "address_raw": "686605", "geocode_precision": "exact", "services": [], "services_raw": "amenity=hospital", "source": "OpenStreetMap / Overpass", "source_url": "https://www.openstreetmap.org/node/6950708015", "retrieved_at": "2026-09-22T17:24:13Z"}, "geometry": {"type": "Point", "coordinates": [76.4727294, 9.7971313]}}, {"type": "Feature", "properties": {"id": "osm-node-6953359547", "name": "Chaithanya Trust Hospital", "facility_type": "private_clinic", "sector": "private", "state": "Kerala", "district": "Kottayam", "block": null, "address_raw": "686633", "geocode_precision": "exact", "services": [], "services_raw": "amenity=hospital", "source": "OpenStreetMap / Overpass", "source_url": "https://www.openstreetmap.org/node/6953359547", "retrieved_at": "2026-09-22T17:24:13Z"}, "geometry": {"type": "Point", "coordinates": [76.5646622, 9.7620569]}}, {"type": "Feature", "properties": {"id": "osm-node-6953393406", "name": "Mangalam Hospitals Pvt. Ltd.", "facility_type": "private_clinic", "sector": "private", "state": "Kerala", "district": "Kottayam", "block": null, "address_raw": "686001", "geocode_precision": "exact", "services": [], "services_raw": "amenity=hospital; healthcare=hospital", "source": "OpenStreetMap / Overpass", "source_url": "https://www.openstreetmap.org/node/6953393406", "retrieved_at": "2026-09-22T17:24:13Z"}, "geometry": {"type": "Point", "coordinates": [76.5218132, 9.5929891]}}, {"type": "Feature", "properties": {"id": "osm-node-6953738963", "name": "St. Vincent Hospital", "facility_type": "private_clinic", "sector": "private", "state": "Kerala", "district": "Kottayam", "block": null, "address_raw": "686633", "geocode_precision": "exact", "services": [], "services_raw": "amenity=hospital", "source": "OpenStreetMap / Overpass", "source_url": "https://www.openstreetmap.org/node/6953738963", "retrieved_at": "2026-09-22T17:24:13Z"}, "geometry": {"type": "Point", "coordinates": [76.5629818, 9.751363]}}, {"type": "Feature", "properties": {"id": "osm-node-6953984017", "name": "Sreerangom C.V.N. Kalari Chikilsakendram", "facility_type": "private_clinic", "sector": "private", "state": "Kerala", "district": "Kottayam", "block": null, "address_raw": "686540", "geocode_precision": "exact", "services": [], "services_raw": "amenity=hospital", "source": "OpenStreetMap / Overpass", "source_url": "https://www.openstreetmap.org/node/6953984017", "retrieved_at": "2026-09-22T17:24:13Z"}, "geometry": {"type": "Point", "coordinates": [76.6289359, 9.5113473]}}, {"type": "Feature", "properties": {"id": "osm-node-6954407619", "name": "High Range Hospital", "facility_type": "private_clinic", "sector": "private", "state": "Kerala", "district": "Kottayam", "block": null, "address_raw": "686512", "geocode_precision": "exact", "services": [], "services_raw": "amenity=hospital", "source": "OpenStreetMap / Overpass", "source_url": "https://www.openstreetmap.org/node/6954407619", "retrieved_at": "2026-09-22T17:24:13Z"}, "geometry": {"type": "Point", "coordinates": [76.831955, 9.5711366]}}, {"type": "Feature", "properties": {"id": "osm-node-6956419976", "name": "Community Health Centre, Edamaruku", "facility_type": "district_hospital", "sector": "government", "state": "Kerala", "district": "Kottayam", "block": null, "address_raw": "Sabarimala - Kodaikkanal Road, Edamaruku, 686652", "geocode_precision": "exact", "services": [], "services_raw": "amenity=hospital; healthcare=hospital", "source": "OpenStreetMap / Overpass", "source_url": "https://www.openstreetmap.org/node/6956419976", "retrieved_at": "2026-09-22T17:24:13Z"}, "geometry": {"type": "Point", "coordinates": [76.7601045, 9.7567292]}}, {"type": "Feature", "properties": {"id": "osm-node-6956559041", "name": "C.N.K. Hospital (P) Ltd.", "facility_type": "private_clinic", "sector": "private", "state": "Kerala", "district": "Kottayam", "block": null, "address_raw": "Changanassery- Vazhoor Road, Madukkumoodu, 686106", "geocode_precision": "exact", "services": [], "services_raw": "amenity=hospital", "source": "OpenStreetMap / Overpass", "source_url": "https://www.openstreetmap.org/node/6956559041", "retrieved_at": "2026-09-22T17:24:13Z"}, "geometry": {"type": "Point", "coordinates": [76.5655781, 9.4647194]}}, {"type": "Feature", "properties": {"id": "osm-node-6965674580", "name": "Vasan Eye Care Hospital, Kottayam", "facility_type": "private_clinic", "sector": "private", "state": "Kerala", "district": "Kottayam", "block": null, "address_raw": "686003", "geocode_precision": "exact", "services": [], "services_raw": "amenity=hospital; healthcare=hospital", "source": "OpenStreetMap / Overpass", "source_url": "https://www.openstreetmap.org/node/6965674580", "retrieved_at": "2026-09-22T17:24:13Z"}, "geometry": {"type": "Point", "coordinates": [76.5141112, 9.5850417]}}, {"type": "Feature", "properties": {"id": "osm-node-6965686396", "name": "Bhavana Hospital", "facility_type": "private_clinic", "sector": "private", "state": "Kerala", "district": "Kottayam", "block": null, "address_raw": "686009", "geocode_precision": "exact", "services": [], "services_raw": "amenity=hospital; healthcare=hospital", "source": "OpenStreetMap / Overpass", "source_url": "https://www.openstreetmap.org/node/6965686396", "retrieved_at": "2026-09-22T17:24:13Z"}, "geometry": {"type": "Point", "coordinates": [76.519078, 9.5882941]}}, {"type": "Feature", "properties": {"id": "osm-node-6965686435", "name": "Medicare Childrens Hospital", "facility_type": "private_clinic", "sector": "private", "state": "Kerala", "district": "Kottayam", "block": null, "address_raw": "686122", "geocode_precision": "exact", "services": [], "services_raw": "amenity=hospital; healthcare=hospital", "source": "OpenStreetMap / Overpass", "source_url": "https://www.openstreetmap.org/node/6965686435", "retrieved_at": "2026-09-22T17:24:13Z"}, "geometry": {"type": "Point", "coordinates": [76.7785422, 9.6848139]}}, {"type": "Feature", "properties": {"id": "osm-node-6965686445", "name": "Community Health Centre, Koottickal", "facility_type": "district_hospital", "sector": "government", "state": "Kerala", "district": "Kottayam", "block": null, "address_raw": "thalunkal road, Koottickal, 686514", "geocode_precision": "exact", "services": [], "services_raw": "amenity=hospital; healthcare=hospital", "source": "OpenStreetMap / Overpass", "source_url": "https://www.openstreetmap.org/node/6965686445", "retrieved_at": "2026-09-22T17:24:13Z"}, "geometry": {"type": "Point", "coordinates": [76.8855683, 9.5850298]}}, {"type": "Feature", "properties": {"id": "osm-node-6992832208", "name": "Chithira Medical Centre", "facility_type": "private_clinic", "sector": "private", "state": "Kerala", "district": "Kottayam", "block": null, "address_raw": "", "geocode_precision": "exact", "services": [], "services_raw": "amenity=hospital; healthcare=hospital", "source": "OpenStreetMap / Overpass", "source_url": "https://www.openstreetmap.org/node/6992832208", "retrieved_at": "2026-09-22T17:24:13Z"}, "geometry": {"type": "Point", "coordinates": [76.6058142, 9.6338743]}}, {"type": "Feature", "properties": {"id": "osm-node-7074433045", "name": "flash32 dental clinic", "facility_type": "private_clinic", "sector": "private", "state": "Kerala", "district": "Kottayam", "block": null, "address_raw": "", "geocode_precision": "exact", "services": [], "services_raw": "amenity=clinic; healthcare=clinic", "source": "OpenStreetMap / Overpass", "source_url": "https://www.openstreetmap.org/node/7074433045", "retrieved_at": "2026-09-22T17:24:13Z"}, "geometry": {"type": "Point", "coordinates": [76.5725564, 9.5597973]}}, {"type": "Feature", "properties": {"id": "osm-node-7079663947", "name": "Navayoga Sidha Ayurvedhic Hospital", "facility_type": "private_clinic", "sector": "private", "state": "Kerala", "district": "Kottayam", "block": null, "address_raw": "Kottayam-Kozhencherry Highway", "geocode_precision": "exact", "services": [], "services_raw": "amenity=hospital; healthcare=hospital", "source": "OpenStreetMap / Overpass", "source_url": "https://www.openstreetmap.org/node/7079663947", "retrieved_at": "2026-09-22T17:24:13Z"}, "geometry": {"type": "Point", "coordinates": [76.5858722, 9.5410317]}}, {"type": "Feature", "properties": {"id": "osm-node-7197058247", "name": "modern dental clinic", "facility_type": "private_clinic", "sector": "private", "state": "Kerala", "district": "Kottayam", "block": null, "address_raw": "", "geocode_precision": "exact", "services": [], "services_raw": "amenity=clinic; healthcare=clinic", "source": "OpenStreetMap / Overpass", "source_url": "https://www.openstreetmap.org/node/7197058247", "retrieved_at": "2026-09-22T17:24:13Z"}, "geometry": {"type": "Point", "coordinates": [76.6818176, 9.6028827]}}, {"type": "Feature", "properties": {"id": "osm-node-7201164042", "name": "Govt ayurvedic hospital", "facility_type": "private_clinic", "sector": "private", "state": "Kerala", "district": "Kottayam", "block": null, "address_raw": "", "geocode_precision": "exact", "services": [], "services_raw": "amenity=hospital; healthcare=hospital", "source": "OpenStreetMap / Overpass", "source_url": "https://www.openstreetmap.org/node/7201164042", "retrieved_at": "2026-09-22T17:24:13Z"}, "geometry": {"type": "Point", "coordinates": [76.6459398, 9.5353989]}}, {"type": "Feature", "properties": {"id": "osm-node-7206435081", "name": "Welfast Hospital", "facility_type": "private_clinic", "sector": "private", "state": "Kerala", "district": "Kottayam", "block": null, "address_raw": "", "geocode_precision": "exact", "services": [], "services_raw": "amenity=hospital; healthcare=hospital", "source": "OpenStreetMap / Overpass", "source_url": "https://www.openstreetmap.org/node/7206435081", "retrieved_at": "2026-09-22T17:24:13Z"}, "geometry": {"type": "Point", "coordinates": [76.5605304, 9.5902208]}}, {"type": "Feature", "properties": {"id": "osm-node-7213540053", "name": "Community Health Centre, Arunoottimangalam", "facility_type": "district_hospital", "sector": "government", "state": "Kerala", "district": "Kottayam", "block": null, "address_raw": "Kaduthuruthy Road, Arunoottimangalam, 686612", "geocode_precision": "exact", "services": [], "services_raw": "amenity=hospital; healthcare=centre", "source": "OpenStreetMap / Overpass", "source_url": "https://www.openstreetmap.org/node/7213540053", "retrieved_at": "2026-09-22T17:24:13Z"}, "geometry": {"type": "Point", "coordinates": [76.4972535, 9.800549]}}, {"type": "Feature", "properties": {"id": "osm-node-7214225745", "name": "Ayurvedic Kerala Massage", "facility_type": "private_clinic", "sector": "private", "state": "Kerala", "district": "Kottayam", "block": null, "address_raw": "", "geocode_precision": "exact", "services": [], "services_raw": "amenity=hospital; healthcare=hospital", "source": "OpenStreetMap / Overpass", "source_url": "https://www.openstreetmap.org/node/7214225745", "retrieved_at": "2026-09-22T17:24:13Z"}, "geometry": {"type": "Point", "coordinates": [76.5602806, 9.5482078]}}, {"type": "Feature", "properties": {"id": "osm-node-7216240739", "name": "Carewell Homeyoclinic", "facility_type": "private_clinic", "sector": "private", "state": "Kerala", "district": "Kottayam", "block": null, "address_raw": "", "geocode_precision": "exact", "services": [], "services_raw": "amenity=clinic; healthcare=clinic", "source": "OpenStreetMap / Overpass", "source_url": "https://www.openstreetmap.org/node/7216240739", "retrieved_at": "2026-09-22T17:24:13Z"}, "geometry": {"type": "Point", "coordinates": [76.6060358, 9.6357251]}}, {"type": "Feature", "properties": {"id": "osm-node-7222991640", "name": "Inter University Centre For BioMedical Research & Superspeciality Hospital", "facility_type": "private_clinic", "sector": "private", "state": "Kerala", "district": "Kottayam", "block": null, "address_raw": "", "geocode_precision": "exact", "services": [], "services_raw": "amenity=hospital; healthcare=hospital", "source": "OpenStreetMap / Overpass", "source_url": "https://www.openstreetmap.org/node/7222991640", "retrieved_at": "2026-09-22T17:24:13Z"}, "geometry": {"type": "Point", "coordinates": [76.5795496, 9.5760936]}}, {"type": "Feature", "properties": {"id": "osm-node-7305318401", "name": "Merrittus Clinic", "facility_type": "private_clinic", "sector": "private", "state": "Kerala", "district": "Kottayam", "block": null, "address_raw": "", "geocode_precision": "exact", "services": [], "services_raw": "amenity=hospital; healthcare=hospital; healthcare:speciality=general", "source": "OpenStreetMap / Overpass", "source_url": "https://www.openstreetmap.org/node/7305318401", "retrieved_at": "2026-09-22T17:24:13Z"}, "geometry": {"type": "Point", "coordinates": [76.6109187, 9.6717506]}}, {"type": "Feature", "properties": {"id": "osm-node-7305318406", "name": "Goverment Ayurveda Hospital", "facility_type": "private_clinic", "sector": "private", "state": "Kerala", "district": "Kottayam", "block": null, "address_raw": "", "geocode_precision": "exact", "services": [], "services_raw": "amenity=hospital; healthcare=hospital", "source": "OpenStreetMap / Overpass", "source_url": "https://www.openstreetmap.org/node/7305318406", "retrieved_at": "2026-09-22T17:24:13Z"}, "geometry": {"type": "Point", "coordinates": [76.6091838, 9.6656715]}}, {"type": "Feature", "properties": {"id": "osm-node-7305318416", "name": "Dr. Abhilash-Pulmanologist", "facility_type": "private_clinic", "sector": "private", "state": "Kerala", "district": "Kottayam", "block": null, "address_raw": "", "geocode_precision": "exact", "services": [], "services_raw": "amenity=hospital; healthcare=hospital", "source": "OpenStreetMap / Overpass", "source_url": "https://www.openstreetmap.org/node/7305318416", "retrieved_at": "2026-09-22T17:24:13Z"}, "geometry": {"type": "Point", "coordinates": [76.6075292, 9.6830728]}}, {"type": "Feature", "properties": {"id": "osm-node-7305457462", "name": "life line hospital", "facility_type": "private_clinic", "sector": "private", "state": "Kerala", "district": "Kottayam", "block": null, "address_raw": "", "geocode_precision": "exact", "services": [], "services_raw": "amenity=hospital; healthcare=hospital", "source": "OpenStreetMap / Overpass", "source_url": "https://www.openstreetmap.org/node/7305457462", "retrieved_at": "2026-09-22T17:24:13Z"}, "geometry": {"type": "Point", "coordinates": [76.5243049, 9.5166515]}}, {"type": "Feature", "properties": {"id": "osm-node-7318600195", "name": "Fatima Mission Hospital", "facility_type": "private_clinic", "sector": "private", "state": "Kerala", "district": "Kottayam", "block": null, "address_raw": "", "geocode_precision": "exact", "services": [], "services_raw": "amenity=hospital; healthcare=hospital", "source": "OpenStreetMap / Overpass", "source_url": "https://www.openstreetmap.org/node/7318600195", "retrieved_at": "2026-09-22T17:24:13Z"}, "geometry": {"type": "Point", "coordinates": [76.6676195, 9.6493746]}}, {"type": "Feature", "properties": {"id": "osm-node-7318711519", "name": "HNL Hospital Newsprint Nagar", "facility_type": "private_clinic", "sector": "private", "state": "Kerala", "district": "Kottayam", "block": null, "address_raw": "Velloor, 686610", "geocode_precision": "exact", "services": [], "services_raw": "amenity=hospital; healthcare=hospital", "source": "OpenStreetMap / Overpass", "source_url": "https://www.openstreetmap.org/node/7318711519", "retrieved_at": "2026-09-22T17:24:13Z"}, "geometry": {"type": "Point", "coordinates": [76.4686308, 9.8332375]}}, {"type": "Feature", "properties": {"id": "osm-node-7321039579", "name": "Life Scan Kanjirapally", "facility_type": "private_clinic", "sector": "private", "state": "Kerala", "district": "Kottayam", "block": null, "address_raw": "", "geocode_precision": "exact", "services": [], "services_raw": "amenity=hospital; healthcare=hospital", "source": "OpenStreetMap / Overpass", "source_url": "https://www.openstreetmap.org/node/7321039579", "retrieved_at": "2026-09-22T17:24:13Z"}, "geometry": {"type": "Point", "coordinates": [76.813828, 9.5573806]}}, {"type": "Feature", "properties": {"id": "osm-node-7321062727", "name": "M. A. M. Hospital", "facility_type": "private_clinic", "sector": "private", "state": "Kerala", "district": "Kottayam", "block": null, "address_raw": "686507", "geocode_precision": "exact", "services": [], "services_raw": "amenity=hospital; healthcare=hospital", "source": "OpenStreetMap / Overpass", "source_url": "https://www.openstreetmap.org/node/7321062727", "retrieved_at": "2026-09-22T17:24:13Z"}, "geometry": {"type": "Point", "coordinates": [76.7918023, 9.5608861]}}, {"type": "Feature", "properties": {"id": "osm-node-7328865353", "name": "Holy Cross Hospital & Mental Health Centre", "facility_type": "private_clinic", "sector": "private", "state": "Kerala", "district": "Kottayam", "block": null, "address_raw": "", "geocode_precision": "exact", "services": [], "services_raw": "amenity=hospital; healthcare=hospital", "source": "OpenStreetMap / Overpass", "source_url": "https://www.openstreetmap.org/node/7328865353", "retrieved_at": "2026-09-22T17:24:13Z"}, "geometry": {"type": "Point", "coordinates": [76.8240278, 9.5326806]}}, {"type": "Feature", "properties": {"id": "osm-node-7332043581", "name": "BM Pharmacy Ayurveda Hospital", "facility_type": "private_clinic", "sector": "private", "state": "Kerala", "district": "Kottayam", "block": null, "address_raw": "", "geocode_precision": "exact", "services": [], "services_raw": "amenity=hospital; healthcare=hospital", "source": "OpenStreetMap / Overpass", "source_url": "https://www.openstreetmap.org/node/7332043581", "retrieved_at": "2026-09-22T17:24:13Z"}, "geometry": {"type": "Point", "coordinates": [76.487332, 9.6095583]}}, {"type": "Feature", "properties": {"id": "osm-node-7333813276", "name": "sree narayana hosp", "facility_type": "private_clinic", "sector": "private", "state": "Kerala", "district": "Kottayam", "block": null, "address_raw": "", "geocode_precision": "exact", "services": [], "services_raw": "amenity=hospital; healthcare=hospital", "source": "OpenStreetMap / Overpass", "source_url": "https://www.openstreetmap.org/node/7333813276", "retrieved_at": "2026-09-22T17:24:13Z"}, "geometry": {"type": "Point", "coordinates": [76.522083, 9.5265188]}}, {"type": "Feature", "properties": {"id": "osm-node-7333913403", "name": "Community Health Centre, Sachivothampuram", "facility_type": "private_clinic", "sector": "private", "state": "Kerala", "district": "Kottayam", "block": null, "address_raw": "", "geocode_precision": "exact", "services": [], "services_raw": "amenity=hospital; healthcare=hospital", "source": "OpenStreetMap / Overpass", "source_url": "https://www.openstreetmap.org/node/7333913403", "retrieved_at": "2026-09-22T17:24:13Z"}, "geometry": {"type": "Point", "coordinates": [76.5265692, 9.5081482]}}, {"type": "Feature", "properties": {"id": "osm-node-7334036499", "name": "Chirayu Ayurvedic Speciality Clinic And Treatment Centre", "facility_type": "private_clinic", "sector": "private", "state": "Kerala", "district": "Kottayam", "block": null, "address_raw": "", "geocode_precision": "exact", "services": [], "services_raw": "amenity=hospital; healthcare=hospital", "source": "OpenStreetMap / Overpass", "source_url": "https://www.openstreetmap.org/node/7334036499", "retrieved_at": "2026-09-22T17:24:13Z"}, "geometry": {"type": "Point", "coordinates": [76.5073309, 9.6130151]}}, {"type": "Feature", "properties": {"id": "osm-node-7334186802", "name": "Dr. Joy's Hospital", "facility_type": "private_clinic", "sector": "private", "state": "Kerala", "district": "Kottayam", "block": null, "address_raw": "", "geocode_precision": "exact", "services": [], "services_raw": "amenity=hospital; healthcare=hospital", "source": "OpenStreetMap / Overpass", "source_url": "https://www.openstreetmap.org/node/7334186802", "retrieved_at": "2026-09-22T17:24:13Z"}, "geometry": {"type": "Point", "coordinates": [76.6825887, 9.5588133]}}, {"type": "Feature", "properties": {"id": "osm-node-7334193918", "name": "Shanthi Clinic", "facility_type": "private_clinic", "sector": "private", "state": "Kerala", "district": "Kottayam", "block": null, "address_raw": "", "geocode_precision": "exact", "services": [], "services_raw": "amenity=clinic; healthcare=clinic", "source": "OpenStreetMap / Overpass", "source_url": "https://www.openstreetmap.org/node/7334193918", "retrieved_at": "2026-09-22T17:24:13Z"}, "geometry": {"type": "Point", "coordinates": [76.6822901, 9.6032571]}}, {"type": "Feature", "properties": {"id": "osm-node-7334224639", "name": "Ambattu Ayurvedic Hospital", "facility_type": "private_clinic", "sector": "private", "state": "Kerala", "district": "Kottayam", "block": null, "address_raw": "", "geocode_precision": "exact", "services": [], "services_raw": "amenity=clinic; healthcare=clinic", "source": "OpenStreetMap / Overpass", "source_url": "https://www.openstreetmap.org/node/7334224639", "retrieved_at": "2026-09-22T17:24:13Z"}, "geometry": {"type": "Point", "coordinates": [76.6816115, 9.6048439]}}, {"type": "Feature", "properties": {"id": "osm-node-7334462990", "name": "Govt. Homeo Dispensary", "facility_type": "private_clinic", "sector": "private", "state": "Kerala", "district": "Kottayam", "block": null, "address_raw": "", "geocode_precision": "exact", "services": [], "services_raw": "amenity=hospital; healthcare=hospital", "source": "OpenStreetMap / Overpass", "source_url": "https://www.openstreetmap.org/node/7334462990", "retrieved_at": "2026-09-22T17:24:13Z"}, "geometry": {"type": "Point", "coordinates": [76.5751056, 9.8072764]}}, {"type": "Feature", "properties": {"id": "osm-node-7334477117", "name": "Government General Hospital, Mundakayam", "facility_type": "district_hospital", "sector": "government", "state": "Kerala", "district": "Kottayam", "block": null, "address_raw": "Mundakayam, 686513", "geocode_precision": "exact", "services": [], "services_raw": "amenity=hospital; healthcare=hospital", "source": "OpenStreetMap / Overpass", "source_url": "https://www.openstreetmap.org/node/7334477117", "retrieved_at": "2026-09-22T17:24:13Z"}, "geometry": {"type": "Point", "coordinates": [76.8836271, 9.5368485]}}, {"type": "Feature", "properties": {"id": "osm-node-7334708997", "name": "Dr Minis Allergy Clinic", "facility_type": "private_clinic", "sector": "private", "state": "Kerala", "district": "Kottayam", "block": null, "address_raw": "", "geocode_precision": "exact", "services": [], "services_raw": "amenity=clinic; healthcare=clinic", "source": "OpenStreetMap / Overpass", "source_url": "https://www.openstreetmap.org/node/7334708997", "retrieved_at": "2026-09-22T17:24:13Z"}, "geometry": {"type": "Point", "coordinates": [76.6899326, 9.5937518]}}, {"type": "Feature", "properties": {"id": "osm-node-7334920765", "name": "santhi medical center", "facility_type": "private_clinic", "sector": "private", "state": "Kerala", "district": "Kottayam", "block": null, "address_raw": "", "geocode_precision": "exact", "services": [], "services_raw": "amenity=hospital; healthcare=hospital", "source": "OpenStreetMap / Overpass", "source_url": "https://www.openstreetmap.org/node/7334920765", "retrieved_at": "2026-09-22T17:24:13Z"}, "geometry": {"type": "Point", "coordinates": [76.6649448, 9.5103009]}}, {"type": "Feature", "properties": {"id": "osm-node-7334978817", "name": "Cosy medical center", "facility_type": "private_clinic", "sector": "private", "state": "Kerala", "district": "Kottayam", "block": null, "address_raw": "", "geocode_precision": "exact", "services": [], "services_raw": "amenity=hospital; healthcare=hospital", "source": "OpenStreetMap / Overpass", "source_url": "https://www.openstreetmap.org/node/7334978817", "retrieved_at": "2026-09-22T17:24:13Z"}, "geometry": {"type": "Point", "coordinates": [76.6640024, 9.5095467]}}, {"type": "Feature", "properties": {"id": "osm-node-7335062720", "name": "Mangalam Hospital", "facility_type": "private_clinic", "sector": "private", "state": "Kerala", "district": "Kottayam", "block": null, "address_raw": "", "geocode_precision": "exact", "services": [], "services_raw": "amenity=hospital; healthcare=hospital", "source": "OpenStreetMap / Overpass", "source_url": "https://www.openstreetmap.org/node/7335062720", "retrieved_at": "2026-09-22T17:24:13Z"}, "geometry": {"type": "Point", "coordinates": [76.8268274, 9.5720959]}}, {"type": "Feature", "properties": {"id": "osm-node-7335084490", "name": "Parathode Goverment Homoeo Dispensary", "facility_type": "private_clinic", "sector": "private", "state": "Kerala", "district": "Kottayam", "block": null, "address_raw": "", "geocode_precision": "exact", "services": [], "services_raw": "amenity=hospital; healthcare=hospital", "source": "OpenStreetMap / Overpass", "source_url": "https://www.openstreetmap.org/node/7335084490", "retrieved_at": "2026-09-22T17:24:13Z"}, "geometry": {"type": "Point", "coordinates": [76.8272815, 9.5708188]}}, {"type": "Feature", "properties": {"id": "osm-node-7335175623", "name": "mannarkad medicals", "facility_type": "private_clinic", "sector": "private", "state": "Kerala", "district": "Kottayam", "block": null, "address_raw": "", "geocode_precision": "exact", "services": [], "services_raw": "amenity=hospital; healthcare=hospital", "source": "OpenStreetMap / Overpass", "source_url": "https://www.openstreetmap.org/node/7335175623", "retrieved_at": "2026-09-22T17:24:13Z"}, "geometry": {"type": "Point", "coordinates": [76.5212198, 9.5911294]}}, {"type": "Feature", "properties": {"id": "osm-node-7335224636", "name": "Devivilasam hospital", "facility_type": "private_clinic", "sector": "private", "state": "Kerala", "district": "Kottayam", "block": null, "address_raw": "Changanassery - Vazhoor Road", "geocode_precision": "exact", "services": [], "services_raw": "amenity=hospital; healthcare=hospital", "source": "OpenStreetMap / Overpass", "source_url": "https://www.openstreetmap.org/node/7335224636", "retrieved_at": "2026-09-22T17:24:13Z"}, "geometry": {"type": "Point", "coordinates": [76.6385908, 9.5132583]}}, {"type": "Feature", "properties": {"id": "osm-node-7339878595", "name": "mercy hospital", "facility_type": "private_clinic", "sector": "private", "state": "Kerala", "district": "Kottayam", "block": null, "address_raw": "", "geocode_precision": "exact", "services": [], "services_raw": "amenity=hospital; healthcare=hospital; healthcare:speciality=general", "source": "OpenStreetMap / Overpass", "source_url": "https://www.openstreetmap.org/node/7339878595", "retrieved_at": "2026-09-22T17:24:13Z"}, "geometry": {"type": "Point", "coordinates": [76.6401674, 9.5046678]}}, {"type": "Feature", "properties": {"id": "osm-node-7339878600", "name": "lakshmi hospital", "facility_type": "private_clinic", "sector": "private", "state": "Kerala", "district": "Kottayam", "block": null, "address_raw": "", "geocode_precision": "exact", "services": [], "services_raw": "amenity=hospital; healthcare=hospital", "source": "OpenStreetMap / Overpass", "source_url": "https://www.openstreetmap.org/node/7339878600", "retrieved_at": "2026-09-22T17:24:13Z"}, "geometry": {"type": "Point", "coordinates": [76.7025226, 9.5125332]}}, {"type": "Feature", "properties": {"id": "osm-node-7340455409", "name": "Primary Health Centre, Kozhuvanal", "facility_type": "district_hospital", "sector": "government", "state": "Kerala", "district": "Kottayam", "block": null, "address_raw": "", "geocode_precision": "exact", "services": [], "services_raw": "amenity=hospital; healthcare=hospital", "source": "OpenStreetMap / Overpass", "source_url": "https://www.openstreetmap.org/node/7340455409", "retrieved_at": "2026-09-22T17:24:13Z"}, "geometry": {"type": "Point", "coordinates": [76.6678907, 9.6722435]}}, {"type": "Feature", "properties": {"id": "osm-node-7342449699", "name": "Janatha Hospital", "facility_type": "private_clinic", "sector": "private", "state": "Kerala", "district": "Kottayam", "block": null, "address_raw": "", "geocode_precision": "exact", "services": [], "services_raw": "amenity=hospital; healthcare=hospital", "source": "OpenStreetMap / Overpass", "source_url": "https://www.openstreetmap.org/node/7342449699", "retrieved_at": "2026-09-22T17:24:13Z"}, "geometry": {"type": "Point", "coordinates": [76.6908698, 9.7138197]}}, {"type": "Feature", "properties": {"id": "osm-node-7342465550", "name": "Chempakasseril Ayurveda Hospital", "facility_type": "private_clinic", "sector": "private", "state": "Kerala", "district": "Kottayam", "block": null, "address_raw": "", "geocode_precision": "exact", "services": [], "services_raw": "amenity=hospital; healthcare=hospital", "source": "OpenStreetMap / Overpass", "source_url": "https://www.openstreetmap.org/node/7342465550", "retrieved_at": "2026-09-22T17:24:13Z"}, "geometry": {"type": "Point", "coordinates": [76.6908054, 9.7147688]}}, {"type": "Feature", "properties": {"id": "osm-node-7346164776", "name": "Unnamed mapped hospital", "facility_type": "private_clinic", "sector": "private", "state": "Kerala", "district": "Kottayam", "block": null, "address_raw": "", "geocode_precision": "exact", "services": [], "services_raw": "amenity=hospital; healthcare=hospital", "source": "OpenStreetMap / Overpass", "source_url": "https://www.openstreetmap.org/node/7346164776", "retrieved_at": "2026-09-22T17:24:13Z"}, "geometry": {"type": "Point", "coordinates": [76.8247467, 9.5720688]}}, {"type": "Feature", "properties": {"id": "osm-node-7363534225", "name": "homeopathic clinic", "facility_type": "private_clinic", "sector": "private", "state": "Kerala", "district": "Kottayam", "block": null, "address_raw": "Pathanad - Kulathoormoozhy Road, Kulathoormoozhy, 686541", "geocode_precision": "exact", "services": [], "services_raw": "amenity=clinic; healthcare=clinic; healthcare:speciality=general", "source": "OpenStreetMap / Overpass", "source_url": "https://www.openstreetmap.org/node/7363534225", "retrieved_at": "2026-09-22T17:24:13Z"}, "geometry": {"type": "Point", "coordinates": [76.7113145, 9.4585919]}}, {"type": "Feature", "properties": {"id": "osm-node-7389824428", "name": "Veterinary Hospital Marangoli", "facility_type": "private_clinic", "sector": "private", "state": "Kerala", "district": "Kottayam", "block": null, "address_raw": "", "geocode_precision": "exact", "services": [], "services_raw": "amenity=hospital; healthcare=hospital", "source": "OpenStreetMap / Overpass", "source_url": "https://www.openstreetmap.org/node/7389824428", "retrieved_at": "2026-09-22T17:24:13Z"}, "geometry": {"type": "Point", "coordinates": [76.5341916, 9.8104486]}}, {"type": "Feature", "properties": {"id": "osm-node-7394794779", "name": "Govt. Homeo Dispensary", "facility_type": "private_clinic", "sector": "private", "state": "Kerala", "district": "Kottayam", "block": null, "address_raw": "", "geocode_precision": "exact", "services": [], "services_raw": "amenity=hospital; healthcare=hospital", "source": "OpenStreetMap / Overpass", "source_url": "https://www.openstreetmap.org/node/7394794779", "retrieved_at": "2026-09-22T17:24:13Z"}, "geometry": {"type": "Point", "coordinates": [76.519195, 9.8339194]}}, {"type": "Feature", "properties": {"id": "osm-node-7398406177", "name": "puttani physiotherapy centre Pala", "facility_type": "private_clinic", "sector": "private", "state": "Kerala", "district": "Kottayam", "block": null, "address_raw": "", "geocode_precision": "exact", "services": [], "services_raw": "amenity=hospital; healthcare=hospital", "source": "OpenStreetMap / Overpass", "source_url": "https://www.openstreetmap.org/node/7398406177", "retrieved_at": "2026-09-22T17:24:13Z"}, "geometry": {"type": "Point", "coordinates": [76.6708746, 9.7119788]}}, {"type": "Feature", "properties": {"id": "osm-node-7444124660", "name": "C C Clinic", "facility_type": "private_clinic", "sector": "private", "state": "Kerala", "district": "Kottayam", "block": null, "address_raw": "Pathanad - Kulathoormoozhy Road, tazhathuvadakara, 686541", "geocode_precision": "exact", "services": [], "services_raw": "amenity=clinic; healthcare=clinic; healthcare:speciality=general", "source": "OpenStreetMap / Overpass", "source_url": "https://www.openstreetmap.org/node/7444124660", "retrieved_at": "2026-09-22T17:24:13Z"}, "geometry": {"type": "Point", "coordinates": [76.7132027, 9.4697525]}}, {"type": "Feature", "properties": {"id": "osm-node-7448260413", "name": "homeo hospital", "facility_type": "private_clinic", "sector": "private", "state": "Kerala", "district": "Kottayam", "block": null, "address_raw": "Kalatthukkadavu - Moonnilavu Road, Moonnilavu, 686586", "geocode_precision": "exact", "services": [], "services_raw": "amenity=hospital; healthcare=hospital; healthcare:speciality=general", "source": "OpenStreetMap / Overpass", "source_url": "https://www.openstreetmap.org/node/7448260413", "retrieved_at": "2026-09-22T17:24:13Z"}, "geometry": {"type": "Point", "coordinates": [76.7839545, 9.7473433]}}, {"type": "Feature", "properties": {"id": "osm-node-7450495419", "name": "Enthumkal clinic", "facility_type": "private_clinic", "sector": "private", "state": "Kerala", "district": "Kottayam", "block": null, "address_raw": "", "geocode_precision": "exact", "services": [], "services_raw": "amenity=clinic; healthcare=clinic", "source": "OpenStreetMap / Overpass", "source_url": "https://www.openstreetmap.org/node/7450495419", "retrieved_at": "2026-09-22T17:24:13Z"}, "geometry": {"type": "Point", "coordinates": [76.5142004, 9.5471224]}}, {"type": "Feature", "properties": {"id": "osm-node-7452246751", "name": "Bishop Jacob Memorial Hospital", "facility_type": "private_clinic", "sector": "private", "state": "Kerala", "district": "Kottayam", "block": null, "address_raw": "kottayam", "geocode_precision": "exact", "services": [], "services_raw": "amenity=hospital; healthcare=hospital", "source": "OpenStreetMap / Overpass", "source_url": "https://www.openstreetmap.org/node/7452246751", "retrieved_at": "2026-09-22T17:24:13Z"}, "geometry": {"type": "Point", "coordinates": [76.5159146, 9.5331376]}}, {"type": "Feature", "properties": {"id": "osm-node-7462053145", "name": "Arya Vaidyashala", "facility_type": "private_clinic", "sector": "private", "state": "Kerala", "district": "Kottayam", "block": null, "address_raw": "", "geocode_precision": "exact", "services": [], "services_raw": "amenity=hospital; healthcare=hospital", "source": "OpenStreetMap / Overpass", "source_url": "https://www.openstreetmap.org/node/7462053145", "retrieved_at": "2026-09-22T17:24:13Z"}, "geometry": {"type": "Point", "coordinates": [76.756177, 9.564595]}}, {"type": "Feature", "properties": {"id": "osm-node-7463730917", "name": "skin specialist", "facility_type": "private_clinic", "sector": "private", "state": "Kerala", "district": "Kottayam", "block": null, "address_raw": "", "geocode_precision": "exact", "services": [], "services_raw": "amenity=clinic; healthcare=clinic", "source": "OpenStreetMap / Overpass", "source_url": "https://www.openstreetmap.org/node/7463730917", "retrieved_at": "2026-09-22T17:24:13Z"}, "geometry": {"type": "Point", "coordinates": [76.5338847, 9.4566151]}}, {"type": "Feature", "properties": {"id": "osm-node-7463788136", "name": "Santhigiri Ayurveda And Sidha Vaidhyasala", "facility_type": "private_clinic", "sector": "private", "state": "Kerala", "district": "Kottayam", "block": null, "address_raw": "KSRTC Bus Stand Perunna, Perunna, Changanacherry, 686101", "geocode_precision": "exact", "services": [], "services_raw": "amenity=hospital; healthcare=hospital", "source": "OpenStreetMap / Overpass", "source_url": "https://www.openstreetmap.org/node/7463788136", "retrieved_at": "2026-09-22T17:24:13Z"}, "geometry": {"type": "Point", "coordinates": [76.5453272, 9.44285]}}, {"type": "Feature", "properties": {"id": "osm-node-7465462011", "name": "National Homeopathy Research Institute In Mental Health", "facility_type": "private_clinic", "sector": "private", "state": "Kerala", "district": "Kottayam", "block": null, "address_raw": "", "geocode_precision": "exact", "services": [], "services_raw": "amenity=hospital; healthcare=hospital", "source": "OpenStreetMap / Overpass", "source_url": "https://www.openstreetmap.org/node/7465462011", "retrieved_at": "2026-09-22T17:24:13Z"}, "geometry": {"type": "Point", "coordinates": [76.533211, 9.5069186]}}, {"type": "Feature", "properties": {"id": "osm-node-7465462023", "name": "Homeo research centre", "facility_type": "private_clinic", "sector": "private", "state": "Kerala", "district": "Kottayam", "block": null, "address_raw": "", "geocode_precision": "exact", "services": [], "services_raw": "amenity=hospital; healthcare=hospital", "source": "OpenStreetMap / Overpass", "source_url": "https://www.openstreetmap.org/node/7465462023", "retrieved_at": "2026-09-22T17:24:13Z"}, "geometry": {"type": "Point", "coordinates": [76.5328824, 9.5068743]}}, {"type": "Feature", "properties": {"id": "osm-node-7465540883", "name": "PMH Chanaganacherry", "facility_type": "private_clinic", "sector": "private", "state": "Kerala", "district": "Kottayam", "block": null, "address_raw": "", "geocode_precision": "exact", "services": [], "services_raw": "amenity=hospital; healthcare=hospital", "source": "OpenStreetMap / Overpass", "source_url": "https://www.openstreetmap.org/node/7465540883", "retrieved_at": "2026-09-22T17:24:13Z"}, "geometry": {"type": "Point", "coordinates": [76.5401004, 9.4398009]}}, {"type": "Feature", "properties": {"id": "osm-node-7466543397", "name": "Sree Bhadra Homoeo Clinic", "facility_type": "private_clinic", "sector": "private", "state": "Kerala", "district": "Kottayam", "block": null, "address_raw": "Kunnnamthanam", "geocode_precision": "exact", "services": [], "services_raw": "amenity=clinic; healthcare=clinic", "source": "OpenStreetMap / Overpass", "source_url": "https://www.openstreetmap.org/node/7466543397", "retrieved_at": "2026-09-22T17:24:13Z"}, "geometry": {"type": "Point", "coordinates": [76.5927081, 9.4302124]}}, {"type": "Feature", "properties": {"id": "osm-node-7466637156", "name": "Unnamed mapped clinic", "facility_type": "private_clinic", "sector": "private", "state": "Kerala", "district": "Kottayam", "block": null, "address_raw": "pathanadu, 686541", "geocode_precision": "exact", "services": [], "services_raw": "amenity=clinic; healthcare=clinic", "source": "OpenStreetMap / Overpass", "source_url": "https://www.openstreetmap.org/node/7466637156", "retrieved_at": "2026-09-22T17:24:13Z"}, "geometry": {"type": "Point", "coordinates": [76.6932171, 9.5094873]}}, {"type": "Feature", "properties": {"id": "osm-node-7467329798", "name": "Sadiya homeo clinic", "facility_type": "private_clinic", "sector": "private", "state": "Kerala", "district": "Kottayam", "block": null, "address_raw": "kilimala, Changanacherry, 686548", "geocode_precision": "exact", "services": [], "services_raw": "amenity=clinic; healthcare=clinic", "source": "OpenStreetMap / Overpass", "source_url": "https://www.openstreetmap.org/node/7467329798", "retrieved_at": "2026-09-22T17:24:13Z"}, "geometry": {"type": "Point", "coordinates": [76.568035, 9.4299513]}}, {"type": "Feature", "properties": {"id": "osm-node-7467853497", "name": "shanthiniketan fertility clinic", "facility_type": "private_clinic", "sector": "private", "state": "Kerala", "district": "Kottayam", "block": null, "address_raw": "", "geocode_precision": "exact", "services": [], "services_raw": "amenity=clinic; healthcare=clinic; healthcare:speciality=fertility", "source": "OpenStreetMap / Overpass", "source_url": "https://www.openstreetmap.org/node/7467853497", "retrieved_at": "2026-09-22T17:24:13Z"}, "geometry": {"type": "Point", "coordinates": [76.7658467, 9.5654704]}}, {"type": "Feature", "properties": {"id": "osm-node-7467972956", "name": "ayurveda clinic", "facility_type": "private_clinic", "sector": "private", "state": "Kerala", "district": "Kottayam", "block": null, "address_raw": "", "geocode_precision": "exact", "services": [], "services_raw": "amenity=clinic; healthcare=clinic", "source": "OpenStreetMap / Overpass", "source_url": "https://www.openstreetmap.org/node/7467972956", "retrieved_at": "2026-09-22T17:24:13Z"}, "geometry": {"type": "Point", "coordinates": [76.5684154, 9.4382454]}}, {"type": "Feature", "properties": {"id": "osm-node-7468151743", "name": "Dr.R S Roy Amritha Ayurveda Medical Centre", "facility_type": "private_clinic", "sector": "private", "state": "Kerala", "district": "Kottayam", "block": null, "address_raw": "", "geocode_precision": "exact", "services": [], "services_raw": "amenity=clinic; healthcare=clinic", "source": "OpenStreetMap / Overpass", "source_url": "https://www.openstreetmap.org/node/7468151743", "retrieved_at": "2026-09-22T17:24:13Z"}, "geometry": {"type": "Point", "coordinates": [76.5400109, 9.436997]}}, {"type": "Feature", "properties": {"id": "osm-node-7470291534", "name": "Dr Alexander's peadiatric clinic", "facility_type": "private_clinic", "sector": "private", "state": "Kerala", "district": "Kottayam", "block": null, "address_raw": "", "geocode_precision": "exact", "services": [], "services_raw": "amenity=clinic; healthcare=clinic", "source": "OpenStreetMap / Overpass", "source_url": "https://www.openstreetmap.org/node/7470291534", "retrieved_at": "2026-09-22T17:24:13Z"}, "geometry": {"type": "Point", "coordinates": [76.5662683, 9.4643056]}}, {"type": "Feature", "properties": {"id": "osm-node-7470586414", "name": "Unnamed mapped clinic", "facility_type": "private_clinic", "sector": "private", "state": "Kerala", "district": "Kottayam", "block": null, "address_raw": "", "geocode_precision": "exact", "services": [], "services_raw": "amenity=clinic; healthcare=clinic", "source": "OpenStreetMap / Overpass", "source_url": "https://www.openstreetmap.org/node/7470586414", "retrieved_at": "2026-09-22T17:24:13Z"}, "geometry": {"type": "Point", "coordinates": [76.5251922, 9.5640995]}}, {"type": "Feature", "properties": {"id": "osm-node-7471801434", "name": "Sarga Dental Clinic", "facility_type": "private_clinic", "sector": "private", "state": "Kerala", "district": "Kottayam", "block": null, "address_raw": "Thottakkadu-Kangazha Road, Thottakkadu,Kottayam, 68600539", "geocode_precision": "exact", "services": [], "services_raw": "amenity=hospital; healthcare=hospital; healthcare:speciality=dentist", "source": "OpenStreetMap / Overpass", "source_url": "https://www.openstreetmap.org/node/7471801434", "retrieved_at": "2026-09-22T17:24:13Z"}, "geometry": {"type": "Point", "coordinates": [76.6158053, 9.5373818]}}, {"type": "Feature", "properties": {"id": "osm-node-7472020238", "name": "Government Ayurveda Hospital,Kaitheppalam", "facility_type": "private_clinic", "sector": "private", "state": "Kerala", "district": "Kottayam", "block": null, "address_raw": "Kottayam-Puthuppally Road, Puthuppally,Kottayam, 686011", "geocode_precision": "exact", "services": [], "services_raw": "amenity=hospital; healthcare=hospital", "source": "OpenStreetMap / Overpass", "source_url": "https://www.openstreetmap.org/node/7472020238", "retrieved_at": "2026-09-22T17:24:13Z"}, "geometry": {"type": "Point", "coordinates": [76.5829381, 9.5420562]}}, {"type": "Feature", "properties": {"id": "osm-node-7472450469", "name": "Nagarguna Ayurveda Clinic", "facility_type": "private_clinic", "sector": "private", "state": "Kerala", "district": "Kottayam", "block": null, "address_raw": "Old MC Road, Thellakom,Kottayam, 686016", "geocode_precision": "exact", "services": [], "services_raw": "amenity=clinic; healthcare=clinic", "source": "OpenStreetMap / Overpass", "source_url": "https://www.openstreetmap.org/node/7472450469", "retrieved_at": "2026-09-22T17:24:13Z"}, "geometry": {"type": "Point", "coordinates": [76.5487488, 9.6462213]}}, {"type": "Feature", "properties": {"id": "osm-node-7473089291", "name": "santhis", "facility_type": "private_clinic", "sector": "private", "state": "Kerala", "district": "Kottayam", "block": null, "address_raw": "", "geocode_precision": "exact", "services": [], "services_raw": "amenity=clinic; healthcare=clinic", "source": "OpenStreetMap / Overpass", "source_url": "https://www.openstreetmap.org/node/7473089291", "retrieved_at": "2026-09-22T17:24:13Z"}, "geometry": {"type": "Point", "coordinates": [76.529031, 9.5612193]}}, {"type": "Feature", "properties": {"id": "osm-node-7473089292", "name": "Unnamed mapped clinic", "facility_type": "private_clinic", "sector": "private", "state": "Kerala", "district": "Kottayam", "block": null, "address_raw": "", "geocode_precision": "exact", "services": [], "services_raw": "amenity=clinic; healthcare=clinic", "source": "OpenStreetMap / Overpass", "source_url": "https://www.openstreetmap.org/node/7473089292", "retrieved_at": "2026-09-22T17:24:13Z"}, "geometry": {"type": "Point", "coordinates": [76.5311929, 9.5623037]}}, {"type": "Feature", "properties": {"id": "osm-node-7473663474", "name": "Vimala Hospital", "facility_type": "private_clinic", "sector": "private", "state": "Kerala", "district": "Kottayam", "block": null, "address_raw": "MC Road, Ettumanur,Kottayam, 686631", "geocode_precision": "exact", "services": [], "services_raw": "amenity=hospital; healthcare=hospital", "source": "OpenStreetMap / Overpass", "source_url": "https://www.openstreetmap.org/node/7473663474", "retrieved_at": "2026-09-22T17:24:13Z"}, "geometry": {"type": "Point", "coordinates": [76.5539569, 9.6644481]}}, {"type": "Feature", "properties": {"id": "osm-node-7474000808", "name": "Government Homeo Dispensary, Thalayolaparambu", "facility_type": "private_clinic", "sector": "private", "state": "Kerala", "district": "Kottayam", "block": null, "address_raw": "", "geocode_precision": "exact", "services": [], "services_raw": "amenity=hospital; healthcare=hospital", "source": "OpenStreetMap / Overpass", "source_url": "https://www.openstreetmap.org/node/7474000808", "retrieved_at": "2026-09-22T17:24:13Z"}, "geometry": {"type": "Point", "coordinates": [76.429162, 9.7744131]}}, {"type": "Feature", "properties": {"id": "osm-node-7474352430", "name": "Dream Clinic", "facility_type": "private_clinic", "sector": "private", "state": "Kerala", "district": "Kottayam", "block": null, "address_raw": "MC Road, Ettumanur,Kottayam, 686631", "geocode_precision": "exact", "services": [], "services_raw": "amenity=hospital; healthcare=hospital", "source": "OpenStreetMap / Overpass", "source_url": "https://www.openstreetmap.org/node/7474352430", "retrieved_at": "2026-09-22T17:24:13Z"}, "geometry": {"type": "Point", "coordinates": [76.5533634, 9.6639731]}}, {"type": "Feature", "properties": {"id": "osm-node-7474352455", "name": "Government Homeo Hospital Ettumanoor", "facility_type": "private_clinic", "sector": "private", "state": "Kerala", "district": "Kottayam", "block": null, "address_raw": "Police Station Road, Ettumanur,Kottayam, 686631", "geocode_precision": "exact", "services": [], "services_raw": "amenity=hospital; healthcare=hospital", "source": "OpenStreetMap / Overpass", "source_url": "https://www.openstreetmap.org/node/7474352455", "retrieved_at": "2026-09-22T17:24:13Z"}, "geometry": {"type": "Point", "coordinates": [76.55779, 9.6712344]}}, {"type": "Feature", "properties": {"id": "osm-node-7474352475", "name": "Nediyakalayil Homoeopathic Clinic", "facility_type": "private_clinic", "sector": "private", "state": "Kerala", "district": "Kottayam", "block": null, "address_raw": "Ettumanoor - Athirampuzha Road, Ettumanoor,Kottayam, 686631", "geocode_precision": "exact", "services": [], "services_raw": "amenity=hospital; healthcare=hospital", "source": "OpenStreetMap / Overpass", "source_url": "https://www.openstreetmap.org/node/7474352475", "retrieved_at": "2026-09-22T17:24:13Z"}, "geometry": {"type": "Point", "coordinates": [76.5521534, 9.6688898]}}, {"type": "Feature", "properties": {"id": "osm-node-7474352492", "name": "Doctor Rekha R, Skin Clinic.", "facility_type": "private_clinic", "sector": "private", "state": "Kerala", "district": "Kottayam", "block": null, "address_raw": "Ettumanoor - Athirampuzha Road, Ettumanoor,Kottayam, 686631", "geocode_precision": "exact", "services": [], "services_raw": "amenity=clinic; healthcare=clinic; healthcare:speciality=dermatology", "source": "OpenStreetMap / Overpass", "source_url": "https://www.openstreetmap.org/node/7474352492", "retrieved_at": "2026-09-22T17:24:13Z"}, "geometry": {"type": "Point", "coordinates": [76.5510969, 9.6684802]}}, {"type": "Feature", "properties": {"id": "osm-node-7474352528", "name": "KMCH Center", "facility_type": "private_clinic", "sector": "private", "state": "Kerala", "district": "Kottayam", "block": null, "address_raw": "", "geocode_precision": "exact", "services": [], "services_raw": "amenity=hospital; healthcare=hospital", "source": "OpenStreetMap / Overpass", "source_url": "https://www.openstreetmap.org/node/7474352528", "retrieved_at": "2026-09-22T17:24:13Z"}, "geometry": {"type": "Point", "coordinates": [76.5608919, 9.6702443]}}, {"type": "Feature", "properties": {"id": "osm-node-7474352538", "name": "Sankara Homeo Clinic", "facility_type": "private_clinic", "sector": "private", "state": "Kerala", "district": "Kottayam", "block": null, "address_raw": "Ettumanur-Pala Road, Ettumanur,Kottayam, 686631", "geocode_precision": "exact", "services": [], "services_raw": "amenity=hospital; healthcare=hospital", "source": "OpenStreetMap / Overpass", "source_url": "https://www.openstreetmap.org/node/7474352538", "retrieved_at": "2026-09-22T17:24:13Z"}, "geometry": {"type": "Point", "coordinates": [76.5619896, 9.6710561]}}, {"type": "Feature", "properties": {"id": "osm-node-7474352561", "name": "Mannalil Ayurveda Hospital", "facility_type": "private_clinic", "sector": "private", "state": "Kerala", "district": "Kottayam", "block": null, "address_raw": "Ayarkkunnam-Ettumanoor Road, Ettumanoor, Kottayam, 686631", "geocode_precision": "exact", "services": [], "services_raw": "amenity=hospital; healthcare=hospital", "source": "OpenStreetMap / Overpass", "source_url": "https://www.openstreetmap.org/node/7474352561", "retrieved_at": "2026-09-22T17:24:13Z"}, "geometry": {"type": "Point", "coordinates": [76.5767684, 9.657364]}}, {"type": "Feature", "properties": {"id": "osm-node-7474994417", "name": "Peace Hill Care Home", "facility_type": "private_clinic", "sector": "private", "state": "Kerala", "district": "Kottayam", "block": null, "address_raw": "Ottakappilmavu-Kannukulam Rd, Kannukulam, Ettumanur, 686008", "geocode_precision": "exact", "services": [], "services_raw": "amenity=hospital; healthcare=hospital", "source": "OpenStreetMap / Overpass", "source_url": "https://www.openstreetmap.org/node/7474994417", "retrieved_at": "2026-09-22T17:24:13Z"}, "geometry": {"type": "Point", "coordinates": [76.5365009, 9.6401023]}}, {"type": "Feature", "properties": {"id": "osm-node-7474994444", "name": "Dr.Gracykutty Mathews,Kunnakulam Rd", "facility_type": "private_clinic", "sector": "private", "state": "Kerala", "district": "Kottayam", "block": null, "address_raw": "Ottakappilmavu-Kannukulam Rd, Ammanchery, Ettumanur, 686008", "geocode_precision": "exact", "services": [], "services_raw": "amenity=clinic; healthcare=clinic", "source": "OpenStreetMap / Overpass", "source_url": "https://www.openstreetmap.org/node/7474994444", "retrieved_at": "2026-09-22T17:24:13Z"}, "geometry": {"type": "Point", "coordinates": [76.5381455, 9.6437391]}}, {"type": "Feature", "properties": {"id": "osm-node-7475418095", "name": "homeo clinic", "facility_type": "private_clinic", "sector": "private", "state": "Kerala", "district": "Kottayam", "block": null, "address_raw": "", "geocode_precision": "exact", "services": [], "services_raw": "amenity=clinic; healthcare=clinic", "source": "OpenStreetMap / Overpass", "source_url": "https://www.openstreetmap.org/node/7475418095", "retrieved_at": "2026-09-22T17:24:13Z"}, "geometry": {"type": "Point", "coordinates": [76.528696, 9.5591602]}}, {"type": "Feature", "properties": {"id": "osm-node-7476606029", "name": "F. R. U. District Hospital Kottayam", "facility_type": "district_hospital", "sector": "private", "state": "Kerala", "district": "Kottayam", "block": null, "address_raw": "KK Road, Kottayam, 686001", "geocode_precision": "exact", "services": [], "services_raw": "amenity=hospital; healthcare=hospital", "source": "OpenStreetMap / Overpass", "source_url": "https://www.openstreetmap.org/node/7476606029", "retrieved_at": "2026-09-22T17:24:13Z"}, "geometry": {"type": "Point", "coordinates": [76.5266508, 9.5895038]}}, {"type": "Feature", "properties": {"id": "osm-node-7476606120", "name": "Bharath Hospital", "facility_type": "private_clinic", "sector": "private", "state": "Kerala", "district": "Kottayam", "block": null, "address_raw": "Azad Lane, Kottayam, 686001", "geocode_precision": "exact", "services": [], "services_raw": "amenity=hospital; healthcare=hospital", "source": "OpenStreetMap / Overpass", "source_url": "https://www.openstreetmap.org/node/7476606120", "retrieved_at": "2026-09-22T17:24:13Z"}, "geometry": {"type": "Point", "coordinates": [76.5195727, 9.5894925]}}, {"type": "Feature", "properties": {"id": "osm-node-7476906025", "name": "Susrusha Hospital", "facility_type": "private_clinic", "sector": "private", "state": "Kerala", "district": "Kottayam", "block": null, "address_raw": "Pullarikunnu Road, Varissery, Kottayam, 686017", "geocode_precision": "exact", "services": [], "services_raw": "amenity=hospital; healthcare=hospital; healthcare:speciality=general", "source": "OpenStreetMap / Overpass", "source_url": "https://www.openstreetmap.org/node/7476906025", "retrieved_at": "2026-09-22T17:24:13Z"}, "geometry": {"type": "Point", "coordinates": [76.514049, 9.6066287]}}, {"type": "Feature", "properties": {"id": "osm-node-7477007323", "name": "S H Medical Center", "facility_type": "private_clinic", "sector": "private", "state": "Kerala", "district": "Kottayam", "block": null, "address_raw": "Medical Center road, Nagampadam, Kottayam, 686001", "geocode_precision": "exact", "services": [], "services_raw": "amenity=hospital; healthcare=hospital; healthcare:speciality=general", "source": "OpenStreetMap / Overpass", "source_url": "https://www.openstreetmap.org/node/7477007323", "retrieved_at": "2026-09-22T17:24:13Z"}, "geometry": {"type": "Point", "coordinates": [76.5297677, 9.5943409]}}, {"type": "Feature", "properties": {"id": "osm-node-7477007338", "name": "City Hospital,kottayam", "facility_type": "private_clinic", "sector": "private", "state": "Kerala", "district": "Kottayam", "block": null, "address_raw": "Temple Road, Puthenangady, Kottayam, 686001", "geocode_precision": "exact", "services": [], "services_raw": "amenity=hospital; healthcare=hospital", "source": "OpenStreetMap / Overpass", "source_url": "https://www.openstreetmap.org/node/7477007338", "retrieved_at": "2026-09-22T17:24:13Z"}, "geometry": {"type": "Point", "coordinates": [76.5171836, 9.5891575]}}, {"type": "Feature", "properties": {"id": "osm-node-7477806295", "name": "Govt.Ayurveda Dispensary Erumeli", "facility_type": "private_clinic", "sector": "private", "state": "Kerala", "district": "Kottayam", "block": null, "address_raw": "", "geocode_precision": "exact", "services": [], "services_raw": "amenity=clinic; healthcare=clinic", "source": "OpenStreetMap / Overpass", "source_url": "https://www.openstreetmap.org/node/7477806295", "retrieved_at": "2026-09-22T17:24:13Z"}, "geometry": {"type": "Point", "coordinates": [76.6112869, 9.7963218]}}, {"type": "Feature", "properties": {"id": "osm-node-7479675356", "name": "Unnamed mapped hospital", "facility_type": "private_clinic", "sector": "private", "state": "Kerala", "district": "Kottayam", "block": null, "address_raw": "", "geocode_precision": "exact", "services": [], "services_raw": "amenity=hospital; healthcare=hospital", "source": "OpenStreetMap / Overpass", "source_url": "https://www.openstreetmap.org/node/7479675356", "retrieved_at": "2026-09-22T17:24:13Z"}, "geometry": {"type": "Point", "coordinates": [76.7564636, 9.5648058]}}, {"type": "Feature", "properties": {"id": "osm-node-7480493361", "name": "holy family dental clinic Plassanal Thalappalam", "facility_type": "private_clinic", "sector": "private", "state": "Kerala", "district": "Kottayam", "block": null, "address_raw": "", "geocode_precision": "exact", "services": [], "services_raw": "amenity=hospital; healthcare=hospital", "source": "OpenStreetMap / Overpass", "source_url": "https://www.openstreetmap.org/node/7480493361", "retrieved_at": "2026-09-22T17:24:13Z"}, "geometry": {"type": "Point", "coordinates": [76.7599701, 9.7063819]}}, {"type": "Feature", "properties": {"id": "osm-node-7480551249", "name": "Ayurvedic Dispensary", "facility_type": "private_clinic", "sector": "private", "state": "Kerala", "district": "Kottayam", "block": null, "address_raw": "", "geocode_precision": "exact", "services": [], "services_raw": "amenity=clinic; healthcare=clinic", "source": "OpenStreetMap / Overpass", "source_url": "https://www.openstreetmap.org/node/7480551249", "retrieved_at": "2026-09-22T17:24:13Z"}, "geometry": {"type": "Point", "coordinates": [76.5890546, 9.4312923]}}, {"type": "Feature", "properties": {"id": "osm-node-7482414753", "name": "Samaritan Medical Centre", "facility_type": "private_clinic", "sector": "private", "state": "Kerala", "district": "Kottayam", "block": null, "address_raw": "MC Road, changanacherry, Kottayam, 686101", "geocode_precision": "exact", "services": [], "services_raw": "amenity=hospital; healthcare=hospital", "source": "OpenStreetMap / Overpass", "source_url": "https://www.openstreetmap.org/node/7482414753", "retrieved_at": "2026-09-22T17:24:13Z"}, "geometry": {"type": "Point", "coordinates": [76.541557, 9.4451139]}}, {"type": "Feature", "properties": {"id": "osm-node-7484242097", "name": "Unnamed mapped clinic", "facility_type": "private_clinic", "sector": "private", "state": "Kerala", "district": "Kottayam", "block": null, "address_raw": "", "geocode_precision": "exact", "services": [], "services_raw": "amenity=clinic; healthcare=clinic", "source": "OpenStreetMap / Overpass", "source_url": "https://www.openstreetmap.org/node/7484242097", "retrieved_at": "2026-09-22T17:24:13Z"}, "geometry": {"type": "Point", "coordinates": [76.7194283, 9.538113]}}, {"type": "Feature", "properties": {"id": "osm-node-7488145100", "name": "government homeo dispensary", "facility_type": "private_clinic", "sector": "private", "state": "Kerala", "district": "Kottayam", "block": null, "address_raw": "", "geocode_precision": "exact", "services": [], "services_raw": "amenity=clinic; healthcare=clinic", "source": "OpenStreetMap / Overpass", "source_url": "https://www.openstreetmap.org/node/7488145100", "retrieved_at": "2026-09-22T17:24:13Z"}, "geometry": {"type": "Point", "coordinates": [76.7677302, 9.7130961]}}, {"type": "Feature", "properties": {"id": "osm-node-7488986775", "name": "Primary Health Centre, Nattakom", "facility_type": "district_hospital", "sector": "government", "state": "Kerala", "district": "Kottayam", "block": null, "address_raw": "Mariyappally P O,MC Road, Nattakom, 686013", "geocode_precision": "exact", "services": [], "services_raw": "amenity=hospital; healthcare=hospital", "source": "OpenStreetMap / Overpass", "source_url": "https://www.openstreetmap.org/node/7488986775", "retrieved_at": "2026-09-22T17:24:13Z"}, "geometry": {"type": "Point", "coordinates": [76.5103986, 9.5457468]}}, {"type": "Feature", "properties": {"id": "osm-node-7490006270", "name": "Government Hospital Erattupetta", "facility_type": "private_clinic", "sector": "private", "state": "Kerala", "district": "Kottayam", "block": null, "address_raw": "Erattupetta - Kanjirapally Road", "geocode_precision": "exact", "services": [], "services_raw": "amenity=hospital; healthcare=hospital", "source": "OpenStreetMap / Overpass", "source_url": "https://www.openstreetmap.org/node/7490006270", "retrieved_at": "2026-09-22T17:24:13Z"}, "geometry": {"type": "Point", "coordinates": [76.7727665, 9.6844377]}}, {"type": "Feature", "properties": {"id": "osm-node-7491705412", "name": "Kumarakom Government Homeo Dispensary", "facility_type": "private_clinic", "sector": "private", "state": "Kerala", "district": "Kottayam", "block": null, "address_raw": "Kottayam - Kumarakom Road, Kumarakom, 686563", "geocode_precision": "exact", "services": [], "services_raw": "amenity=hospital; healthcare=hospital", "source": "OpenStreetMap / Overpass", "source_url": "https://www.openstreetmap.org/node/7491705412", "retrieved_at": "2026-09-22T17:24:13Z"}, "geometry": {"type": "Point", "coordinates": [76.4351543, 9.5919548]}}, {"type": "Feature", "properties": {"id": "osm-node-7494953066", "name": "Santhi General & Children's Hospital", "facility_type": "private_clinic", "sector": "private", "state": "Kerala", "district": "Kottayam", "block": null, "address_raw": "Kumarakom Attipeedika Rd, Kumarakom, 686563", "geocode_precision": "exact", "services": [], "services_raw": "amenity=hospital; healthcare=hospital", "source": "OpenStreetMap / Overpass", "source_url": "https://www.openstreetmap.org/node/7494953066", "retrieved_at": "2026-09-22T17:24:13Z"}, "geometry": {"type": "Point", "coordinates": [76.4372243, 9.5913275]}}, {"type": "Feature", "properties": {"id": "osm-node-7494970005", "name": "kottakkal arya vaidya shala", "facility_type": "private_clinic", "sector": "private", "state": "Kerala", "district": "Kottayam", "block": null, "address_raw": "", "geocode_precision": "exact", "services": [], "services_raw": "amenity=clinic; healthcare=clinic", "source": "OpenStreetMap / Overpass", "source_url": "https://www.openstreetmap.org/node/7494970005", "retrieved_at": "2026-09-22T17:24:13Z"}, "geometry": {"type": "Point", "coordinates": [76.7065068, 9.5667023]}}, {"type": "Feature", "properties": {"id": "osm-node-7497361107", "name": "Primary Health Centre, Thiruvarppu", "facility_type": "district_hospital", "sector": "government", "state": "Kerala", "district": "Kottayam", "block": null, "address_raw": "Illickal - Thiruvarppu Road, Kottayam, 686020", "geocode_precision": "exact", "services": [], "services_raw": "amenity=hospital; healthcare=hospital", "source": "OpenStreetMap / Overpass", "source_url": "https://www.openstreetmap.org/node/7497361107", "retrieved_at": "2026-09-22T17:24:13Z"}, "geometry": {"type": "Point", "coordinates": [76.4777964, 9.5811036]}}, {"type": "Feature", "properties": {"id": "osm-node-7499012357", "name": "Health Sub Centre", "facility_type": "private_clinic", "sector": "private", "state": "Kerala", "district": "Kottayam", "block": null, "address_raw": "Chirathara Rd, Kumarakom, 686563", "geocode_precision": "exact", "services": [], "services_raw": "amenity=hospital; healthcare=hospital", "source": "OpenStreetMap / Overpass", "source_url": "https://www.openstreetmap.org/node/7499012357", "retrieved_at": "2026-09-22T17:24:13Z"}, "geometry": {"type": "Point", "coordinates": [76.4374361, 9.5993681]}}, {"type": "Feature", "properties": {"id": "osm-node-7499118779", "name": "Mayura Ayurvedic Centre", "facility_type": "private_clinic", "sector": "private", "state": "Kerala", "district": "Kottayam", "block": null, "address_raw": "Puthen Road, Kattakayam, Kumarakom, 686563", "geocode_precision": "exact", "services": [], "services_raw": "amenity=hospital; healthcare=hospital", "source": "OpenStreetMap / Overpass", "source_url": "https://www.openstreetmap.org/node/7499118779", "retrieved_at": "2026-09-22T17:24:13Z"}, "geometry": {"type": "Point", "coordinates": [76.4355103, 9.6042446]}}, {"type": "Feature", "properties": {"id": "osm-node-7503213862", "name": "Anil Kumar. V. G Acupressure Therapist", "facility_type": "private_clinic", "sector": "private", "state": "Kerala", "district": "Kottayam", "block": null, "address_raw": "", "geocode_precision": "exact", "services": [], "services_raw": "amenity=hospital; healthcare=hospital", "source": "OpenStreetMap / Overpass", "source_url": "https://www.openstreetmap.org/node/7503213862", "retrieved_at": "2026-09-22T17:24:13Z"}, "geometry": {"type": "Point", "coordinates": [76.4799195, 9.6962425]}}, {"type": "Feature", "properties": {"id": "osm-node-7514121346", "name": "Government Homeo Dispensary, Koottummel", "facility_type": "private_clinic", "sector": "private", "state": "Kerala", "district": "Kottayam", "block": null, "address_raw": "", "geocode_precision": "exact", "services": [], "services_raw": "amenity=clinic; healthcare=clinic", "source": "OpenStreetMap / Overpass", "source_url": "https://www.openstreetmap.org/node/7514121346", "retrieved_at": "2026-09-22T17:24:13Z"}, "geometry": {"type": "Point", "coordinates": [76.3998333, 9.7881742]}}, {"type": "Feature", "properties": {"id": "osm-node-7514121737", "name": "Government Ayurveda Hospital Vaikom", "facility_type": "private_clinic", "sector": "private", "state": "Kerala", "district": "Kottayam", "block": null, "address_raw": "", "geocode_precision": "exact", "services": [], "services_raw": "amenity=clinic; healthcare=clinic", "source": "OpenStreetMap / Overpass", "source_url": "https://www.openstreetmap.org/node/7514121737", "retrieved_at": "2026-09-22T17:24:13Z"}, "geometry": {"type": "Point", "coordinates": [76.3892437, 9.7629953]}}, {"type": "Feature", "properties": {"id": "osm-node-7517633702", "name": "Govt. Homoeo Dispensary Thalayolaparambu Vadayar", "facility_type": "private_clinic", "sector": "private", "state": "Kerala", "district": "Kottayam", "block": null, "address_raw": "", "geocode_precision": "exact", "services": [], "services_raw": "amenity=clinic; healthcare=clinic", "source": "OpenStreetMap / Overpass", "source_url": "https://www.openstreetmap.org/node/7517633702", "retrieved_at": "2026-09-22T17:24:13Z"}, "geometry": {"type": "Point", "coordinates": [76.429205, 9.7742624]}}, {"type": "Feature", "properties": {"id": "osm-node-7525218549", "name": "Knanaya Medical Centre", "facility_type": "private_clinic", "sector": "private", "state": "Kerala", "district": "Kottayam", "block": null, "address_raw": "", "geocode_precision": "exact", "services": [], "services_raw": "amenity=clinic; healthcare=clinic", "source": "OpenStreetMap / Overpass", "source_url": "https://www.openstreetmap.org/node/7525218549", "retrieved_at": "2026-09-22T17:24:13Z"}, "geometry": {"type": "Point", "coordinates": [76.5247857, 9.5167981]}}, {"type": "Feature", "properties": {"id": "osm-node-7525227848", "name": "Ivan Opticals", "facility_type": "private_clinic", "sector": "private", "state": "Kerala", "district": "Kottayam", "block": null, "address_raw": "", "geocode_precision": "exact", "services": [], "services_raw": "amenity=clinic; healthcare=clinic", "source": "OpenStreetMap / Overpass", "source_url": "https://www.openstreetmap.org/node/7525227848", "retrieved_at": "2026-09-22T17:24:13Z"}, "geometry": {"type": "Point", "coordinates": [76.5248206, 9.5197502]}}, {"type": "Feature", "properties": {"id": "osm-node-7633227515", "name": "Homeo clinic", "facility_type": "private_clinic", "sector": "private", "state": "Kerala", "district": "Kottayam", "block": null, "address_raw": "thengana naalukodi, Nalukody, 686548", "geocode_precision": "exact", "services": [], "services_raw": "amenity=hospital; healthcare=hospital; healthcare:speciality=homeopathy", "source": "OpenStreetMap / Overpass", "source_url": "https://www.openstreetmap.org/node/7633227515", "retrieved_at": "2026-09-22T17:24:13Z"}, "geometry": {"type": "Point", "coordinates": [76.5626912, 9.4221378]}}, {"type": "Feature", "properties": {"id": "osm-node-7733212382", "name": "Sree Sankara Ayurveda Vaidyashala", "facility_type": "private_clinic", "sector": "private", "state": "Kerala", "district": "Kottayam", "block": null, "address_raw": "686102", "geocode_precision": "exact", "services": [], "services_raw": "amenity=hospital", "source": "OpenStreetMap / Overpass", "source_url": "https://www.openstreetmap.org/node/7733212382", "retrieved_at": "2026-09-22T17:24:13Z"}, "geometry": {"type": "Point", "coordinates": [76.5478009, 9.4390089]}}, {"type": "Feature", "properties": {"id": "osm-node-7733212383", "name": "Chaithanya Eye Hospital & Research Institute", "facility_type": "private_clinic", "sector": "private", "state": "Kerala", "district": "Kottayam", "block": null, "address_raw": "686016", "geocode_precision": "exact", "services": [], "services_raw": "amenity=hospital; healthcare=hospital", "source": "OpenStreetMap / Overpass", "source_url": "https://www.openstreetmap.org/node/7733212383", "retrieved_at": "2026-09-22T17:24:13Z"}, "geometry": {"type": "Point", "coordinates": [76.5433612, 9.632354]}}, {"type": "Feature", "properties": {"id": "osm-node-7733212384", "name": "Ayush Public Health Centre, Panakkachira", "facility_type": "private_clinic", "sector": "private", "state": "Kerala", "district": "Kottayam", "block": null, "address_raw": "Mundakayam - Elavungal State Highway, Panakkachira, 686513", "geocode_precision": "exact", "services": [], "services_raw": "amenity=clinic", "source": "OpenStreetMap / Overpass", "source_url": "https://www.openstreetmap.org/node/7733212384", "retrieved_at": "2026-09-22T17:24:13Z"}, "geometry": {"type": "Point", "coordinates": [76.9264631, 9.5023696]}}, {"type": "Feature", "properties": {"id": "osm-node-7733212386", "name": "Leela Hospital", "facility_type": "private_clinic", "sector": "private", "state": "Kerala", "district": "Kottayam", "block": null, "address_raw": "686021", "geocode_precision": "exact", "services": [], "services_raw": "amenity=hospital; healthcare=hospital", "source": "OpenStreetMap / Overpass", "source_url": "https://www.openstreetmap.org/node/7733212386", "retrieved_at": "2026-09-22T17:24:13Z"}, "geometry": {"type": "Point", "coordinates": [76.5977549, 9.5432932]}}, {"type": "Feature", "properties": {"id": "osm-node-7733212387", "name": "Sreeshylam Ayurveda Hospital", "facility_type": "private_clinic", "sector": "private", "state": "Kerala", "district": "Kottayam", "block": null, "address_raw": "686540", "geocode_precision": "exact", "services": [], "services_raw": "amenity=hospital", "source": "OpenStreetMap / Overpass", "source_url": "https://www.openstreetmap.org/node/7733212387", "retrieved_at": "2026-09-22T17:24:13Z"}, "geometry": {"type": "Point", "coordinates": [76.6297089, 9.4971955]}}, {"type": "Feature", "properties": {"id": "osm-node-7733212388", "name": "ESI Hospital", "facility_type": "private_clinic", "sector": "private", "state": "Kerala", "district": "Kottayam", "block": null, "address_raw": "686010", "geocode_precision": "exact", "services": [], "services_raw": "amenity=hospital; healthcare=hospital", "source": "OpenStreetMap / Overpass", "source_url": "https://www.openstreetmap.org/node/7733212388", "retrieved_at": "2026-09-22T17:24:13Z"}, "geometry": {"type": "Point", "coordinates": [76.5639493, 9.598346]}}, {"type": "Feature", "properties": {"id": "osm-node-7733212389", "name": "New Vision Eye Hospital", "facility_type": "private_clinic", "sector": "private", "state": "Kerala", "district": "Kottayam", "block": null, "address_raw": "686513", "geocode_precision": "exact", "services": [], "services_raw": "amenity=hospital; healthcare=hospital", "source": "OpenStreetMap / Overpass", "source_url": "https://www.openstreetmap.org/node/7733212389", "retrieved_at": "2026-09-22T17:24:13Z"}, "geometry": {"type": "Point", "coordinates": [76.8867104, 9.5370226]}}, {"type": "Feature", "properties": {"id": "osm-node-7733212390", "name": "Kalapurackal Ayurveda Hospital", "facility_type": "private_clinic", "sector": "private", "state": "Kerala", "district": "Kottayam", "block": null, "address_raw": "686513", "geocode_precision": "exact", "services": [], "services_raw": "amenity=hospital", "source": "OpenStreetMap / Overpass", "source_url": "https://www.openstreetmap.org/node/7733212390", "retrieved_at": "2026-09-22T17:24:13Z"}, "geometry": {"type": "Point", "coordinates": [76.8879558, 9.5363278]}}, {"type": "Feature", "properties": {"id": "osm-node-7733212391", "name": "Agappe Hospital", "facility_type": "private_clinic", "sector": "private", "state": "Kerala", "district": "Kottayam", "block": null, "address_raw": "686542", "geocode_precision": "exact", "services": [], "services_raw": "amenity=hospital", "source": "OpenStreetMap / Overpass", "source_url": "https://www.openstreetmap.org/node/7733212391", "retrieved_at": "2026-09-22T17:24:13Z"}, "geometry": {"type": "Point", "coordinates": [76.658183, 9.489888]}}, {"type": "Feature", "properties": {"id": "osm-node-7733212392", "name": "Nithya Clinic", "facility_type": "private_clinic", "sector": "private", "state": "Kerala", "district": "Kottayam", "block": null, "address_raw": "686502", "geocode_precision": "exact", "services": [], "services_raw": "amenity=clinic; healthcare=clinic", "source": "OpenStreetMap / Overpass", "source_url": "https://www.openstreetmap.org/node/7733212392", "retrieved_at": "2026-09-22T17:24:13Z"}, "geometry": {"type": "Point", "coordinates": [76.6445367, 9.5991994]}}, {"type": "Feature", "properties": {"id": "osm-node-7733212393", "name": "Kerala State Homeo Medical College and Hospital", "facility_type": "private_clinic", "sector": "private", "state": "Kerala", "district": "Kottayam", "block": null, "address_raw": "686532", "geocode_precision": "exact", "services": [], "services_raw": "amenity=hospital", "source": "OpenStreetMap / Overpass", "source_url": "https://www.openstreetmap.org/node/7733212393", "retrieved_at": "2026-09-22T17:24:13Z"}, "geometry": {"type": "Point", "coordinates": [76.533903, 9.5095851]}}, {"type": "Feature", "properties": {"id": "osm-node-7733212394", "name": "Joel Homoeo Clinic", "facility_type": "private_clinic", "sector": "private", "state": "Kerala", "district": "Kottayam", "block": null, "address_raw": "686585", "geocode_precision": "exact", "services": [], "services_raw": "amenity=clinic", "source": "OpenStreetMap / Overpass", "source_url": "https://www.openstreetmap.org/node/7733212394", "retrieved_at": "2026-09-22T17:24:13Z"}, "geometry": {"type": "Point", "coordinates": [76.7000963, 9.6349057]}}, {"type": "Feature", "properties": {"id": "osm-node-7733212395", "name": "JK Hospital", "facility_type": "private_clinic", "sector": "private", "state": "Kerala", "district": "Kottayam", "block": null, "address_raw": "686010", "geocode_precision": "exact", "services": [], "services_raw": "amenity=hospital; healthcare=hospital", "source": "OpenStreetMap / Overpass", "source_url": "https://www.openstreetmap.org/node/7733212395", "retrieved_at": "2026-09-22T17:24:13Z"}, "geometry": {"type": "Point", "coordinates": [76.5611036, 9.5914418]}}, {"type": "Feature", "properties": {"id": "osm-node-7733212397", "name": "Rev. Koshy Chavanickamannil Memorial Hospital", "facility_type": "private_clinic", "sector": "private", "state": "Kerala", "district": "Kottayam", "block": null, "address_raw": "686542", "geocode_precision": "exact", "services": [], "services_raw": "amenity=hospital", "source": "OpenStreetMap / Overpass", "source_url": "https://www.openstreetmap.org/node/7733212397", "retrieved_at": "2026-09-22T17:24:13Z"}, "geometry": {"type": "Point", "coordinates": [76.6581762, 9.4899142]}}, {"type": "Feature", "properties": {"id": "osm-node-7733212399", "name": "Dr. Shibi's Clinic", "facility_type": "private_clinic", "sector": "private", "state": "Kerala", "district": "Kottayam", "block": null, "address_raw": "686532", "geocode_precision": "exact", "services": [], "services_raw": "amenity=clinic", "source": "OpenStreetMap / Overpass", "source_url": "https://www.openstreetmap.org/node/7733212399", "retrieved_at": "2026-09-22T17:24:13Z"}, "geometry": {"type": "Point", "coordinates": [76.524933, 9.499454]}}, {"type": "Feature", "properties": {"id": "osm-node-7733212400", "name": "MMT Clinic", "facility_type": "private_clinic", "sector": "private", "state": "Kerala", "district": "Kottayam", "block": null, "address_raw": "686513", "geocode_precision": "exact", "services": [], "services_raw": "amenity=clinic; healthcare=clinic", "source": "OpenStreetMap / Overpass", "source_url": "https://www.openstreetmap.org/node/7733212400", "retrieved_at": "2026-09-22T17:24:13Z"}, "geometry": {"type": "Point", "coordinates": [76.886155, 9.538042]}}, {"type": "Feature", "properties": {"id": "osm-node-7733212401", "name": "Madona Clinic", "facility_type": "private_clinic", "sector": "private", "state": "Kerala", "district": "Kottayam", "block": null, "address_raw": "686509", "geocode_precision": "exact", "services": [], "services_raw": "amenity=clinic; healthcare=clinic", "source": "OpenStreetMap / Overpass", "source_url": "https://www.openstreetmap.org/node/7733212401", "retrieved_at": "2026-09-22T17:24:13Z"}, "geometry": {"type": "Point", "coordinates": [76.8453781, 9.4815451]}}, {"type": "Feature", "properties": {"id": "osm-node-7733212402", "name": "Peoples Hospital", "facility_type": "private_clinic", "sector": "private", "state": "Kerala", "district": "Kottayam", "block": null, "address_raw": "686513", "geocode_precision": "exact", "services": [], "services_raw": "amenity=hospital", "source": "OpenStreetMap / Overpass", "source_url": "https://www.openstreetmap.org/node/7733212402", "retrieved_at": "2026-09-22T17:24:13Z"}, "geometry": {"type": "Point", "coordinates": [76.8826989, 9.5389051]}}, {"type": "Feature", "properties": {"id": "osm-node-7733212403", "name": "Welfast Clinic", "facility_type": "private_clinic", "sector": "private", "state": "Kerala", "district": "Kottayam", "block": null, "address_raw": "686532", "geocode_precision": "exact", "services": [], "services_raw": "amenity=clinic; healthcare=clinic", "source": "OpenStreetMap / Overpass", "source_url": "https://www.openstreetmap.org/node/7733212403", "retrieved_at": "2026-09-22T17:24:13Z"}, "geometry": {"type": "Point", "coordinates": [76.5265457, 9.5073252]}}, {"type": "Feature", "properties": {"id": "osm-node-7733212407", "name": "Dr. Thomas Pulikunnel", "facility_type": "private_clinic", "sector": "private", "state": "Kerala", "district": "Kottayam", "block": null, "address_raw": "686123", "geocode_precision": "exact", "services": [], "services_raw": "amenity=doctors; healthcare=doctor", "source": "OpenStreetMap / Overpass", "source_url": "https://www.openstreetmap.org/node/7733212407", "retrieved_at": "2026-09-22T17:24:13Z"}, "geometry": {"type": "Point", "coordinates": [76.7646472, 9.6665084]}}, {"type": "Feature", "properties": {"id": "osm-node-7733212408", "name": "Christeena Eye Hospital", "facility_type": "private_clinic", "sector": "private", "state": "Kerala", "district": "Kottayam", "block": null, "address_raw": "686101", "geocode_precision": "exact", "services": [], "services_raw": "amenity=hospital", "source": "OpenStreetMap / Overpass", "source_url": "https://www.openstreetmap.org/node/7733212408", "retrieved_at": "2026-09-22T17:24:13Z"}, "geometry": {"type": "Point", "coordinates": [76.5390835, 9.4462593]}}, {"type": "Feature", "properties": {"id": "osm-node-7733212409", "name": "Unnithan's Ayurveda Hospital and Research Centre", "facility_type": "private_clinic", "sector": "private", "state": "Kerala", "district": "Kottayam", "block": null, "address_raw": "686101", "geocode_precision": "exact", "services": [], "services_raw": "amenity=hospital", "source": "OpenStreetMap / Overpass", "source_url": "https://www.openstreetmap.org/node/7733212409", "retrieved_at": "2026-09-22T17:24:13Z"}, "geometry": {"type": "Point", "coordinates": [76.538677, 9.4434046]}}, {"type": "Feature", "properties": {"id": "osm-node-7733212411", "name": "Karuna Bhavan Medical Center, Pallippady", "facility_type": "private_clinic", "sector": "private", "state": "Kerala", "district": "Kottayam", "block": null, "address_raw": "Mundakayam - Elavungal State Highway, Pallippady, 686513", "geocode_precision": "exact", "services": [], "services_raw": "amenity=hospital; healthcare=hospital", "source": "OpenStreetMap / Overpass", "source_url": "https://www.openstreetmap.org/node/7733212411", "retrieved_at": "2026-09-22T17:24:13Z"}, "geometry": {"type": "Point", "coordinates": [76.9568107, 9.4762787]}}, {"type": "Feature", "properties": {"id": "osm-node-7733212413", "name": "National Homeo Clinic", "facility_type": "private_clinic", "sector": "private", "state": "Kerala", "district": "Kottayam", "block": null, "address_raw": "686011", "geocode_precision": "exact", "services": [], "services_raw": "amenity=clinic; healthcare=clinic", "source": "OpenStreetMap / Overpass", "source_url": "https://www.openstreetmap.org/node/7733212413", "retrieved_at": "2026-09-22T17:24:13Z"}, "geometry": {"type": "Point", "coordinates": [76.5723519, 9.5575863]}}, {"type": "Feature", "properties": {"id": "osm-node-7733212414", "name": "The Homoeopathic Multi Speciality Hospital & Research Centre", "facility_type": "private_clinic", "sector": "private", "state": "Kerala", "district": "Kottayam", "block": null, "address_raw": "686101", "geocode_precision": "exact", "services": [], "services_raw": "amenity=hospital", "source": "OpenStreetMap / Overpass", "source_url": "https://www.openstreetmap.org/node/7733212414", "retrieved_at": "2026-09-22T17:24:13Z"}, "geometry": {"type": "Point", "coordinates": [76.5418552, 9.4473148]}}, {"type": "Feature", "properties": {"id": "osm-node-7733212415", "name": "St. Jude Hospital", "facility_type": "private_clinic", "sector": "private", "state": "Kerala", "district": "Kottayam", "block": null, "address_raw": "686535", "geocode_precision": "exact", "services": [], "services_raw": "amenity=hospital", "source": "OpenStreetMap / Overpass", "source_url": "https://www.openstreetmap.org/node/7733212415", "retrieved_at": "2026-09-22T17:24:13Z"}, "geometry": {"type": "Point", "coordinates": [76.514694, 9.479214]}}, {"type": "Feature", "properties": {"id": "osm-node-7733212416", "name": "Sree Bhadra Homoeo Clinic", "facility_type": "private_clinic", "sector": "private", "state": "Kerala", "district": "Kottayam", "block": null, "address_raw": "689581", "geocode_precision": "exact", "services": [], "services_raw": "amenity=clinic", "source": "OpenStreetMap / Overpass", "source_url": "https://www.openstreetmap.org/node/7733212416", "retrieved_at": "2026-09-22T17:24:13Z"}, "geometry": {"type": "Point", "coordinates": [76.5877619, 9.4309248]}}, {"type": "Feature", "properties": {"id": "osm-node-7733212417", "name": "Government Ayurvedic Hospital", "facility_type": "private_clinic", "sector": "private", "state": "Kerala", "district": "Kottayam", "block": null, "address_raw": "686502", "geocode_precision": "exact", "services": [], "services_raw": "amenity=hospital; healthcare=hospital", "source": "OpenStreetMap / Overpass", "source_url": "https://www.openstreetmap.org/node/7733212417", "retrieved_at": "2026-09-22T17:24:13Z"}, "geometry": {"type": "Point", "coordinates": [76.6604848, 9.5752936]}}, {"type": "Feature", "properties": {"id": "osm-node-7733212424", "name": "Gejo Hospital", "facility_type": "private_clinic", "sector": "private", "state": "Kerala", "district": "Kottayam", "block": null, "address_raw": "686582", "geocode_precision": "exact", "services": [], "services_raw": "amenity=hospital", "source": "OpenStreetMap / Overpass", "source_url": "https://www.openstreetmap.org/node/7733212424", "retrieved_at": "2026-09-22T17:24:13Z"}, "geometry": {"type": "Point", "coordinates": [76.813853, 9.675235]}}, {"type": "Feature", "properties": {"id": "osm-node-7733212426", "name": "Ayu Life Heart Care Centre", "facility_type": "private_clinic", "sector": "private", "state": "Kerala", "district": "Kottayam", "block": null, "address_raw": "686001", "geocode_precision": "exact", "services": [], "services_raw": "amenity=clinic", "source": "OpenStreetMap / Overpass", "source_url": "https://www.openstreetmap.org/node/7733212426", "retrieved_at": "2026-09-22T17:24:13Z"}, "geometry": {"type": "Point", "coordinates": [76.5216213, 9.582835]}}, {"type": "Feature", "properties": {"id": "osm-node-7733212428", "name": "Indo American Hospital", "facility_type": "private_clinic", "sector": "private", "state": "Kerala", "district": "Kottayam", "block": null, "address_raw": "686606", "geocode_precision": "exact", "services": [], "services_raw": "amenity=hospital", "source": "OpenStreetMap / Overpass", "source_url": "https://www.openstreetmap.org/node/7733212428", "retrieved_at": "2026-09-22T17:24:13Z"}, "geometry": {"type": "Point", "coordinates": [76.3925812, 9.7216807]}}, {"type": "Feature", "properties": {"id": "osm-node-7733212429", "name": "Amba Ayurveda Hospital", "facility_type": "private_clinic", "sector": "private", "state": "Kerala", "district": "Kottayam", "block": null, "address_raw": "686102", "geocode_precision": "exact", "services": [], "services_raw": "amenity=hospital", "source": "OpenStreetMap / Overpass", "source_url": "https://www.openstreetmap.org/node/7733212429", "retrieved_at": "2026-09-22T17:24:13Z"}, "geometry": {"type": "Point", "coordinates": [76.5431334, 9.4329244]}}, {"type": "Feature", "properties": {"id": "osm-node-7733212430", "name": "Beth Hesdha Naturopathic Hospital", "facility_type": "private_clinic", "sector": "private", "state": "Kerala", "district": "Kottayam", "block": null, "address_raw": "686544", "geocode_precision": "exact", "services": [], "services_raw": "amenity=hospital", "source": "OpenStreetMap / Overpass", "source_url": "https://www.openstreetmap.org/node/7733212430", "retrieved_at": "2026-09-22T17:24:13Z"}, "geometry": {"type": "Point", "coordinates": [76.7622196, 9.4854622]}}, {"type": "Feature", "properties": {"id": "osm-node-7733212432", "name": "Dr. Shenoy's Care", "facility_type": "private_clinic", "sector": "private", "state": "Kerala", "district": "Kottayam", "block": null, "address_raw": "686104", "geocode_precision": "exact", "services": [], "services_raw": "amenity=clinic", "source": "OpenStreetMap / Overpass", "source_url": "https://www.openstreetmap.org/node/7733212432", "retrieved_at": "2026-09-22T17:24:13Z"}, "geometry": {"type": "Point", "coordinates": [76.5472873, 9.4521865]}}, {"type": "Feature", "properties": {"id": "osm-node-7733212433", "name": "Jacobs Hospital", "facility_type": "private_clinic", "sector": "private", "state": "Kerala", "district": "Kottayam", "block": null, "address_raw": "686532", "geocode_precision": "exact", "services": [], "services_raw": "amenity=hospital; healthcare=hospital", "source": "OpenStreetMap / Overpass", "source_url": "https://www.openstreetmap.org/node/7733212433", "retrieved_at": "2026-09-22T17:24:13Z"}, "geometry": {"type": "Point", "coordinates": [76.52692, 9.515702]}}, {"type": "Feature", "properties": {"id": "osm-node-7733212435", "name": "T R & Tea Company Hospital", "facility_type": "private_clinic", "sector": "private", "state": "Kerala", "district": "Kottayam", "block": null, "address_raw": "685532", "geocode_precision": "exact", "services": [], "services_raw": "amenity=hospital", "source": "OpenStreetMap / Overpass", "source_url": "https://www.openstreetmap.org/node/7733212435", "retrieved_at": "2026-09-22T17:24:13Z"}, "geometry": {"type": "Point", "coordinates": [76.959822, 9.50365]}}, {"type": "Feature", "properties": {"id": "osm-node-7733212436", "name": "Sreedhareeyam Ayurvedic Clinic", "facility_type": "private_clinic", "sector": "private", "state": "Kerala", "district": "Kottayam", "block": null, "address_raw": "686004", "geocode_precision": "exact", "services": [], "services_raw": "amenity=clinic; healthcare=clinic", "source": "OpenStreetMap / Overpass", "source_url": "https://www.openstreetmap.org/node/7733212436", "retrieved_at": "2026-09-22T17:24:13Z"}, "geometry": {"type": "Point", "coordinates": [76.5462426, 9.6003767]}}, {"type": "Feature", "properties": {"id": "osm-node-7733212439", "name": "Thekkekara Hospital", "facility_type": "private_clinic", "sector": "private", "state": "Kerala", "district": "Kottayam", "block": null, "address_raw": "686121", "geocode_precision": "exact", "services": [], "services_raw": "amenity=hospital; healthcare=hospital", "source": "OpenStreetMap / Overpass", "source_url": "https://www.openstreetmap.org/node/7733212439", "retrieved_at": "2026-09-22T17:24:13Z"}, "geometry": {"type": "Point", "coordinates": [76.778112, 9.684611]}}, {"type": "Feature", "properties": {"id": "osm-node-7733212440", "name": "Medical Clinic", "facility_type": "private_clinic", "sector": "private", "state": "Kerala", "district": "Kottayam", "block": null, "address_raw": "686011", "geocode_precision": "exact", "services": [], "services_raw": "amenity=clinic", "source": "OpenStreetMap / Overpass", "source_url": "https://www.openstreetmap.org/node/7733212440", "retrieved_at": "2026-09-22T17:24:13Z"}, "geometry": {"type": "Point", "coordinates": [76.5534555, 9.5443209]}}, {"type": "Feature", "properties": {"id": "osm-node-7746062568", "name": "Unnamed mapped clinic", "facility_type": "private_clinic", "sector": "private", "state": "Kerala", "district": "Kottayam", "block": null, "address_raw": "", "geocode_precision": "exact", "services": [], "services_raw": "amenity=clinic; healthcare=clinic; healthcare:speciality=dentist", "source": "OpenStreetMap / Overpass", "source_url": "https://www.openstreetmap.org/node/7746062568", "retrieved_at": "2026-09-22T17:24:13Z"}, "geometry": {"type": "Point", "coordinates": [76.5294295, 9.6603129]}}, {"type": "Feature", "properties": {"id": "osm-node-8280740784", "name": "Unnamed mapped hospital", "facility_type": "private_clinic", "sector": "private", "state": "Kerala", "district": "Kottayam", "block": null, "address_raw": "", "geocode_precision": "exact", "services": [], "services_raw": "amenity=hospital; healthcare=hospital", "source": "OpenStreetMap / Overpass", "source_url": "https://www.openstreetmap.org/node/8280740784", "retrieved_at": "2026-09-22T17:24:13Z"}, "geometry": {"type": "Point", "coordinates": [76.5699902, 9.5684192]}}, {"type": "Feature", "properties": {"id": "osm-node-8294368534", "name": "Coorperative Hospital Kaduthuruthy", "facility_type": "private_clinic", "sector": "private", "state": "Kerala", "district": "Kottayam", "block": null, "address_raw": "", "geocode_precision": "exact", "services": [], "services_raw": "amenity=hospital; healthcare=hospital", "source": "OpenStreetMap / Overpass", "source_url": "https://www.openstreetmap.org/node/8294368534", "retrieved_at": "2026-09-22T17:24:13Z"}, "geometry": {"type": "Point", "coordinates": [76.4936372, 9.7662816]}}, {"type": "Feature", "properties": {"id": "osm-node-8317567987", "name": "Madukkakuzhy Ayurveda", "facility_type": "private_clinic", "sector": "private", "state": "Kerala", "district": "Kottayam", "block": null, "address_raw": "Parathode PO", "geocode_precision": "exact", "services": [], "services_raw": "amenity=clinic", "source": "OpenStreetMap / Overpass", "source_url": "https://www.openstreetmap.org/node/8317567987", "retrieved_at": "2026-09-22T17:24:13Z"}, "geometry": {"type": "Point", "coordinates": [76.8237222, 9.5708366]}}, {"type": "Feature", "properties": {"id": "osm-node-8321398858", "name": "Arya Clinic", "facility_type": "private_clinic", "sector": "private", "state": "Kerala", "district": "Kottayam", "block": null, "address_raw": "", "geocode_precision": "exact", "services": [], "services_raw": "amenity=clinic; healthcare=clinic", "source": "OpenStreetMap / Overpass", "source_url": "https://www.openstreetmap.org/node/8321398858", "retrieved_at": "2026-09-22T17:24:13Z"}, "geometry": {"type": "Point", "coordinates": [76.6084965, 9.5829905]}}, {"type": "Feature", "properties": {"id": "osm-node-8396551432", "name": "BG Smiles Dental Clinic", "facility_type": "private_clinic", "sector": "private", "state": "Kerala", "district": "Kottayam", "block": null, "address_raw": "", "geocode_precision": "exact", "services": [], "services_raw": "amenity=clinic; healthcare=clinic; healthcare:speciality=dentist;paediatrics", "source": "OpenStreetMap / Overpass", "source_url": "https://www.openstreetmap.org/node/8396551432", "retrieved_at": "2026-09-22T17:24:13Z"}, "geometry": {"type": "Point", "coordinates": [76.5521972, 9.5786149]}}, {"type": "Feature", "properties": {"id": "osm-node-8399094513", "name": "Vaidyaratnam Ayurveda Clinic", "facility_type": "private_clinic", "sector": "private", "state": "Kerala", "district": "Kottayam", "block": null, "address_raw": "", "geocode_precision": "exact", "services": [], "services_raw": "amenity=clinic; healthcare=clinic", "source": "OpenStreetMap / Overpass", "source_url": "https://www.openstreetmap.org/node/8399094513", "retrieved_at": "2026-09-22T17:24:13Z"}, "geometry": {"type": "Point", "coordinates": [76.798654, 9.5052354]}}, {"type": "Feature", "properties": {"id": "osm-node-8399094514", "name": "Healthcare Centre", "facility_type": "private_clinic", "sector": "private", "state": "Kerala", "district": "Kottayam", "block": null, "address_raw": "", "geocode_precision": "exact", "services": [], "services_raw": "amenity=clinic; healthcare=clinic", "source": "OpenStreetMap / Overpass", "source_url": "https://www.openstreetmap.org/node/8399094514", "retrieved_at": "2026-09-22T17:24:13Z"}, "geometry": {"type": "Point", "coordinates": [76.7962104, 9.5069594]}}, {"type": "Feature", "properties": {"id": "osm-node-8403626717", "name": "Nirmala Hospital Anickadu", "facility_type": "private_clinic", "sector": "private", "state": "Kerala", "district": "Kottayam", "block": null, "address_raw": "", "geocode_precision": "exact", "services": [], "services_raw": "amenity=hospital; healthcare=hospital", "source": "OpenStreetMap / Overpass", "source_url": "https://www.openstreetmap.org/node/8403626717", "retrieved_at": "2026-09-22T17:24:13Z"}, "geometry": {"type": "Point", "coordinates": [76.6964176, 9.6030591]}}, {"type": "Feature", "properties": {"id": "osm-node-8418831838", "name": "VAKATHANAM GOVERNMENT HOSPITAL", "facility_type": "private_clinic", "sector": "private", "state": "Kerala", "district": "Kottayam", "block": null, "address_raw": "", "geocode_precision": "exact", "services": [], "services_raw": "amenity=hospital; healthcare=hospital", "source": "OpenStreetMap / Overpass", "source_url": "https://www.openstreetmap.org/node/8418831838", "retrieved_at": "2026-09-22T17:24:13Z"}, "geometry": {"type": "Point", "coordinates": [76.568496, 9.512458]}}, {"type": "Feature", "properties": {"id": "osm-node-8419808840", "name": "ECHS POLYCLINIC", "facility_type": "district_hospital", "sector": "government", "state": "Kerala", "district": "Kottayam", "block": null, "address_raw": "", "geocode_precision": "exact", "services": [], "services_raw": "amenity=hospital; healthcare=hospital", "source": "OpenStreetMap / Overpass", "source_url": "https://www.openstreetmap.org/node/8419808840", "retrieved_at": "2026-09-22T17:24:13Z"}, "geometry": {"type": "Point", "coordinates": [76.5837421, 9.5860683]}}, {"type": "Feature", "properties": {"id": "osm-node-8421855758", "name": "CAREWELL MEDICAL CLINIC", "facility_type": "private_clinic", "sector": "private", "state": "Kerala", "district": "Kottayam", "block": null, "address_raw": "", "geocode_precision": "exact", "services": [], "services_raw": "amenity=clinic; healthcare=clinic", "source": "OpenStreetMap / Overpass", "source_url": "https://www.openstreetmap.org/node/8421855758", "retrieved_at": "2026-09-22T17:24:13Z"}, "geometry": {"type": "Point", "coordinates": [76.5837808, 9.5869834]}}, {"type": "Feature", "properties": {"id": "osm-node-8442145913", "name": "xpal skin care", "facility_type": "private_clinic", "sector": "private", "state": "Kerala", "district": "Kottayam", "block": null, "address_raw": "", "geocode_precision": "exact", "services": [], "services_raw": "amenity=hospital; healthcare=hospital", "source": "OpenStreetMap / Overpass", "source_url": "https://www.openstreetmap.org/node/8442145913", "retrieved_at": "2026-09-22T17:24:13Z"}, "geometry": {"type": "Point", "coordinates": [76.5613358, 9.7513949]}}, {"type": "Feature", "properties": {"id": "osm-node-8561225870", "name": "Mulackal Dental Clinic And Implant Centre", "facility_type": "private_clinic", "sector": "private", "state": "Kerala", "district": "Kottayam", "block": null, "address_raw": "Pathanad - Kulathoormoozhy Road", "geocode_precision": "exact", "services": [], "services_raw": "amenity=clinic; healthcare=clinic; healthcare:speciality=dentist", "source": "OpenStreetMap / Overpass", "source_url": "https://www.openstreetmap.org/node/8561225870", "retrieved_at": "2026-09-22T17:24:13Z"}, "geometry": {"type": "Point", "coordinates": [76.6948232, 9.508148]}}, {"type": "Feature", "properties": {"id": "osm-node-8686731455", "name": "MARY MATHA HOSPITAL", "facility_type": "private_clinic", "sector": "private", "state": "Kerala", "district": "Kottayam", "block": null, "address_raw": "", "geocode_precision": "exact", "services": [], "services_raw": "amenity=hospital; healthcare=hospital", "source": "OpenStreetMap / Overpass", "source_url": "https://www.openstreetmap.org/node/8686731455", "retrieved_at": "2026-09-22T17:24:13Z"}, "geometry": {"type": "Point", "coordinates": [76.8028589, 9.5598852]}}, {"type": "Feature", "properties": {"id": "osm-node-8696863039", "name": "Thekkumkattil Dental Clinic", "facility_type": "private_clinic", "sector": "private", "state": "Kerala", "district": "Kottayam", "block": null, "address_raw": "Melukavumattom-Kollappally Road, Melukavumattom, 686652", "geocode_precision": "exact", "services": [], "services_raw": "amenity=clinic; healthcare=clinic; healthcare:speciality=dentist", "source": "OpenStreetMap / Overpass", "source_url": "https://www.openstreetmap.org/node/8696863039", "retrieved_at": "2026-09-22T17:24:13Z"}, "geometry": {"type": "Point", "coordinates": [76.7629829, 9.7826894]}}, {"type": "Feature", "properties": {"id": "osm-node-8696925194", "name": "Vazhamattom Ayurvedha Clinic, Melukavumattom", "facility_type": "private_clinic", "sector": "private", "state": "Kerala", "district": "Kottayam", "block": null, "address_raw": "Erattupetta - Thodupuzha Road, Melukavumattom, 686652", "geocode_precision": "exact", "services": [], "services_raw": "amenity=clinic; healthcare=clinic", "source": "OpenStreetMap / Overpass", "source_url": "https://www.openstreetmap.org/node/8696925194", "retrieved_at": "2026-09-22T17:24:13Z"}, "geometry": {"type": "Point", "coordinates": [76.7635022, 9.7822105]}}, {"type": "Feature", "properties": {"id": "osm-node-8697027273", "name": "St.Mary's Homeo Dispensery", "facility_type": "private_clinic", "sector": "private", "state": "Kerala", "district": "Kottayam", "block": null, "address_raw": "Erattupetta - Thodupuzha Road, Melukavumattom, 686652", "geocode_precision": "exact", "services": [], "services_raw": "amenity=clinic; healthcare=clinic", "source": "OpenStreetMap / Overpass", "source_url": "https://www.openstreetmap.org/node/8697027273", "retrieved_at": "2026-09-22T17:24:13Z"}, "geometry": {"type": "Point", "coordinates": [76.7628474, 9.7835964]}}, {"type": "Feature", "properties": {"id": "osm-node-8697037012", "name": "Jovans Jose Dental Clinic", "facility_type": "private_clinic", "sector": "private", "state": "Kerala", "district": "Kottayam", "block": null, "address_raw": "Erattupetta - Thodupuzha Road, Melukavumattom, 686652", "geocode_precision": "exact", "services": [], "services_raw": "amenity=clinic; healthcare=clinic; healthcare:speciality=dentist", "source": "OpenStreetMap / Overpass", "source_url": "https://www.openstreetmap.org/node/8697037012", "retrieved_at": "2026-09-22T17:24:13Z"}, "geometry": {"type": "Point", "coordinates": [76.762916, 9.783996]}}, {"type": "Feature", "properties": {"id": "osm-node-8697501493", "name": "Doctors Speciality Hospital", "facility_type": "private_clinic", "sector": "private", "state": "Kerala", "district": "Kottayam", "block": null, "address_raw": "Kalathipady-Anathanam Road, 686018", "geocode_precision": "exact", "services": [], "services_raw": "amenity=hospital; healthcare=hospital", "source": "OpenStreetMap / Overpass", "source_url": "https://www.openstreetmap.org/node/8697501493", "retrieved_at": "2026-09-22T17:24:13Z"}, "geometry": {"type": "Point", "coordinates": [76.5527817, 9.5887402]}}, {"type": "Feature", "properties": {"id": "osm-node-8700057661", "name": "Pandikkattu Ayurvedha Clinic", "facility_type": "private_clinic", "sector": "private", "state": "Kerala", "district": "Kottayam", "block": null, "address_raw": "Melukavumattom-Kollappally Road, Melukavumattom, 686652", "geocode_precision": "exact", "services": [], "services_raw": "amenity=clinic; healthcare=clinic", "source": "OpenStreetMap / Overpass", "source_url": "https://www.openstreetmap.org/node/8700057661", "retrieved_at": "2026-09-22T17:24:13Z"}, "geometry": {"type": "Point", "coordinates": [76.7627855, 9.7826186]}}, {"type": "Feature", "properties": {"id": "osm-node-8700091658", "name": "Chemmala Subcenter, Chelakunnukavala", "facility_type": "private_clinic", "sector": "private", "state": "Kerala", "district": "Kottayam", "block": null, "address_raw": "", "geocode_precision": "exact", "services": [], "services_raw": "amenity=clinic; healthcare=clinic", "source": "OpenStreetMap / Overpass", "source_url": "https://www.openstreetmap.org/node/8700091658", "retrieved_at": "2026-09-22T17:24:13Z"}, "geometry": {"type": "Point", "coordinates": [76.7629079, 9.7991301]}}, {"type": "Feature", "properties": {"id": "osm-node-8700183362", "name": "Government Homeo Dispensery, Melukavu", "facility_type": "private_clinic", "sector": "private", "state": "Kerala", "district": "Kottayam", "block": null, "address_raw": "", "geocode_precision": "exact", "services": [], "services_raw": "amenity=clinic; healthcare=clinic", "source": "OpenStreetMap / Overpass", "source_url": "https://www.openstreetmap.org/node/8700183362", "retrieved_at": "2026-09-22T17:24:13Z"}, "geometry": {"type": "Point", "coordinates": [76.7627899, 9.7991819]}}, {"type": "Feature", "properties": {"id": "osm-node-8700200098", "name": "Ayush Ayurvedha Clinic, Melukavumattom", "facility_type": "private_clinic", "sector": "private", "state": "Kerala", "district": "Kottayam", "block": null, "address_raw": "Melukavumattom-Kollappally Road, Melukavumattom, 686652", "geocode_precision": "exact", "services": [], "services_raw": "amenity=clinic; healthcare=clinic", "source": "OpenStreetMap / Overpass", "source_url": "https://www.openstreetmap.org/node/8700200098", "retrieved_at": "2026-09-22T17:24:13Z"}, "geometry": {"type": "Point", "coordinates": [76.761904, 9.7824207]}}, {"type": "Feature", "properties": {"id": "osm-node-8701895653", "name": "Meleparambil Clinic", "facility_type": "private_clinic", "sector": "private", "state": "Kerala", "district": "Kottayam", "block": null, "address_raw": "Chethipuzha, Kurishmoodu Road, Changanacherry, 686106", "geocode_precision": "exact", "services": [], "services_raw": "amenity=clinic; healthcare=clinic; healthcare:speciality=orthodontics", "source": "OpenStreetMap / Overpass", "source_url": "https://www.openstreetmap.org/node/8701895653", "retrieved_at": "2026-09-22T17:24:13Z"}, "geometry": {"type": "Point", "coordinates": [76.5478887, 9.4820819]}}, {"type": "Feature", "properties": {"id": "osm-node-8711466463", "name": "Arogya Homoeopathy Clinic", "facility_type": "private_clinic", "sector": "private", "state": "Kerala", "district": "Kottayam", "block": null, "address_raw": "686633", "geocode_precision": "exact", "services": [], "services_raw": "amenity=clinic; healthcare=clinic", "source": "OpenStreetMap / Overpass", "source_url": "https://www.openstreetmap.org/node/8711466463", "retrieved_at": "2026-09-22T17:24:13Z"}, "geometry": {"type": "Point", "coordinates": [76.5615483, 9.7584073]}}, {"type": "Feature", "properties": {"id": "osm-node-8711467393", "name": "St. Marys Homeo Clinic", "facility_type": "private_clinic", "sector": "private", "state": "Kerala", "district": "Kottayam", "block": null, "address_raw": "686633", "geocode_precision": "exact", "services": [], "services_raw": "amenity=clinic; healthcare=clinic", "source": "OpenStreetMap / Overpass", "source_url": "https://www.openstreetmap.org/node/8711467393", "retrieved_at": "2026-09-22T17:24:13Z"}, "geometry": {"type": "Point", "coordinates": [76.5661507, 9.762628]}}, {"type": "Feature", "properties": {"id": "osm-node-8711523884", "name": "Matha Homeo Clinic", "facility_type": "private_clinic", "sector": "private", "state": "Kerala", "district": "Kottayam", "block": null, "address_raw": "686633", "geocode_precision": "exact", "services": [], "services_raw": "amenity=clinic; healthcare=clinic", "source": "OpenStreetMap / Overpass", "source_url": "https://www.openstreetmap.org/node/8711523884", "retrieved_at": "2026-09-22T17:24:13Z"}, "geometry": {"type": "Point", "coordinates": [76.5613949, 9.7524532]}}, {"type": "Feature", "properties": {"id": "osm-node-8711554125", "name": "Karakkal Ayurveda", "facility_type": "private_clinic", "sector": "private", "state": "Kerala", "district": "Kottayam", "block": null, "address_raw": "686633", "geocode_precision": "exact", "services": [], "services_raw": "amenity=hospital; healthcare=hospital", "source": "OpenStreetMap / Overpass", "source_url": "https://www.openstreetmap.org/node/8711554125", "retrieved_at": "2026-09-22T17:24:13Z"}, "geometry": {"type": "Point", "coordinates": [76.5608028, 9.7650106]}}, {"type": "Feature", "properties": {"id": "osm-node-8741557277", "name": "Government Homeo clinic Appanchira", "facility_type": "private_clinic", "sector": "private", "state": "Kerala", "district": "Kottayam", "block": null, "address_raw": "", "geocode_precision": "exact", "services": [], "services_raw": "amenity=clinic; healthcare=clinic", "source": "OpenStreetMap / Overpass", "source_url": "https://www.openstreetmap.org/node/8741557277", "retrieved_at": "2026-09-22T17:24:13Z"}, "geometry": {"type": "Point", "coordinates": [76.4715677, 9.7760844]}}, {"type": "Feature", "properties": {"id": "osm-node-8743127036", "name": "DDRC SRL Diagnosis Centre", "facility_type": "private_clinic", "sector": "private", "state": "Kerala", "district": "Kottayam", "block": null, "address_raw": "", "geocode_precision": "exact", "services": [], "services_raw": "amenity=clinic; healthcare=clinic", "source": "OpenStreetMap / Overpass", "source_url": "https://www.openstreetmap.org/node/8743127036", "retrieved_at": "2026-09-22T17:24:13Z"}, "geometry": {"type": "Point", "coordinates": [76.5857058, 9.5987001]}}, {"type": "Feature", "properties": {"id": "osm-node-8757343404", "name": "Holy Ghost Mission Hospital Muttuchira", "facility_type": "private_clinic", "sector": "private", "state": "Kerala", "district": "Kottayam", "block": null, "address_raw": "", "geocode_precision": "exact", "services": [], "services_raw": "amenity=hospital; healthcare=hospital", "source": "OpenStreetMap / Overpass", "source_url": "https://www.openstreetmap.org/node/8757343404", "retrieved_at": "2026-09-22T17:24:13Z"}, "geometry": {"type": "Point", "coordinates": [76.4998083, 9.7572161]}}, {"type": "Feature", "properties": {"id": "osm-node-8830834609", "name": "Vaidhyarathnam Owshadha Shala", "facility_type": "private_clinic", "sector": "private", "state": "Kerala", "district": "Kottayam", "block": null, "address_raw": "", "geocode_precision": "exact", "services": [], "services_raw": "amenity=clinic; healthcare=clinic", "source": "OpenStreetMap / Overpass", "source_url": "https://www.openstreetmap.org/node/8830834609", "retrieved_at": "2026-09-22T17:24:13Z"}, "geometry": {"type": "Point", "coordinates": [76.763068, 9.7827236]}}, {"type": "Feature", "properties": {"id": "osm-node-8879886873", "name": "Government Ayurveda Hospital Muttuchira", "facility_type": "private_clinic", "sector": "private", "state": "Kerala", "district": "Kottayam", "block": null, "address_raw": "", "geocode_precision": "exact", "services": [], "services_raw": "amenity=clinic; healthcare=clinic", "source": "OpenStreetMap / Overpass", "source_url": "https://www.openstreetmap.org/node/8879886873", "retrieved_at": "2026-09-22T17:24:13Z"}, "geometry": {"type": "Point", "coordinates": [76.5055563, 9.7554907]}}, {"type": "Feature", "properties": {"id": "osm-node-8880257015", "name": "Primary Health Centre, Kaduthuruthy", "facility_type": "district_hospital", "sector": "government", "state": "Kerala", "district": "Kottayam", "block": null, "address_raw": "", "geocode_precision": "exact", "services": [], "services_raw": "amenity=hospital; healthcare=hospital", "source": "OpenStreetMap / Overpass", "source_url": "https://www.openstreetmap.org/node/8880257015", "retrieved_at": "2026-09-22T17:24:13Z"}, "geometry": {"type": "Point", "coordinates": [76.4801952, 9.7444249]}}, {"type": "Feature", "properties": {"id": "osm-node-8883031935", "name": "PHC Pallikkathodu Kayoori", "facility_type": "private_clinic", "sector": "private", "state": "Kerala", "district": "Kottayam", "block": null, "address_raw": "", "geocode_precision": "exact", "services": [], "services_raw": "amenity=hospital; healthcare=hospital", "source": "OpenStreetMap / Overpass", "source_url": "https://www.openstreetmap.org/node/8883031935", "retrieved_at": "2026-09-22T17:24:13Z"}, "geometry": {"type": "Point", "coordinates": [76.6894199, 9.5937331]}}, {"type": "Feature", "properties": {"id": "osm-node-8883508629", "name": "Jyothi Hospital and Skin Clinic", "facility_type": "private_clinic", "sector": "private", "state": "Kerala", "district": "Kottayam", "block": null, "address_raw": "", "geocode_precision": "exact", "services": [], "services_raw": "amenity=clinic; healthcare=clinic", "source": "OpenStreetMap / Overpass", "source_url": "https://www.openstreetmap.org/node/8883508629", "retrieved_at": "2026-09-22T17:24:13Z"}, "geometry": {"type": "Point", "coordinates": [76.6812347, 9.6031931]}}, {"type": "Feature", "properties": {"id": "osm-node-8968056448", "name": "Peruva Medical Center and Geriatric Clinic, Peruva", "facility_type": "private_clinic", "sector": "private", "state": "Kerala", "district": "Kottayam", "block": null, "address_raw": "", "geocode_precision": "exact", "services": [], "services_raw": "amenity=clinic; healthcare=clinic", "source": "OpenStreetMap / Overpass", "source_url": "https://www.openstreetmap.org/node/8968056448", "retrieved_at": "2026-09-22T17:24:13Z"}, "geometry": {"type": "Point", "coordinates": [76.5011992, 9.826738]}}, {"type": "Feature", "properties": {"id": "osm-node-8968405279", "name": "Family Welfare Center, Avarma", "facility_type": "private_clinic", "sector": "private", "state": "Kerala", "district": "Kottayam", "block": null, "address_raw": "", "geocode_precision": "exact", "services": [], "services_raw": "amenity=clinic; healthcare=clinic", "source": "OpenStreetMap / Overpass", "source_url": "https://www.openstreetmap.org/node/8968405279", "retrieved_at": "2026-09-22T17:24:13Z"}, "geometry": {"type": "Point", "coordinates": [76.5113692, 9.8370472]}}, {"type": "Feature", "properties": {"id": "osm-node-8995791015", "name": "Family Health Centre Thottakkad", "facility_type": "district_hospital", "sector": "government", "state": "Kerala", "district": "Kottayam", "block": null, "address_raw": "", "geocode_precision": "exact", "services": [], "services_raw": "amenity=hospital; healthcare=hospital", "source": "OpenStreetMap / Overpass", "source_url": "https://www.openstreetmap.org/node/8995791015", "retrieved_at": "2026-09-22T17:24:13Z"}, "geometry": {"type": "Point", "coordinates": [76.6036987, 9.5314505]}}, {"type": "Feature", "properties": {"id": "osm-node-9056402439", "name": "Hairgraaft-hair transplation hospital", "facility_type": "private_clinic", "sector": "private", "state": "Kerala", "district": "Kottayam", "block": null, "address_raw": "", "geocode_precision": "exact", "services": [], "services_raw": "amenity=hospital; healthcare=hospital", "source": "OpenStreetMap / Overpass", "source_url": "https://www.openstreetmap.org/node/9056402439", "retrieved_at": "2026-09-22T17:24:13Z"}, "geometry": {"type": "Point", "coordinates": [76.5459758, 9.4268424]}}, {"type": "Feature", "properties": {"id": "osm-node-9078403053", "name": "Ayurvedic Hospital", "facility_type": "private_clinic", "sector": "private", "state": "Kerala", "district": "Kottayam", "block": null, "address_raw": "", "geocode_precision": "exact", "services": [], "services_raw": "amenity=clinic; healthcare=clinic", "source": "OpenStreetMap / Overpass", "source_url": "https://www.openstreetmap.org/node/9078403053", "retrieved_at": "2026-09-22T17:24:13Z"}, "geometry": {"type": "Point", "coordinates": [76.5794438, 9.4637683]}}, {"type": "Feature", "properties": {"id": "osm-node-9085547623", "name": "Ayush Homeopathy PHC", "facility_type": "phc", "sector": "government", "state": "Kerala", "district": "Kottayam", "block": null, "address_raw": "NH 183, Kodungoor, 686504", "geocode_precision": "exact", "services": [], "services_raw": "amenity=clinic; healthcare=centre; healthcare:speciality=homeopathy", "source": "OpenStreetMap / Overpass", "source_url": "https://www.openstreetmap.org/node/9085547623", "retrieved_at": "2026-09-22T17:24:13Z"}, "geometry": {"type": "Point", "coordinates": [76.706714, 9.5661945]}}, {"type": "Feature", "properties": {"id": "osm-node-9106970517", "name": "Grace hospital, aymanam", "facility_type": "private_clinic", "sector": "private", "state": "Kerala", "district": "Kottayam", "block": null, "address_raw": "", "geocode_precision": "exact", "services": [], "services_raw": "healthcare=hospital", "source": "OpenStreetMap / Overpass", "source_url": "https://www.openstreetmap.org/node/9106970517", "retrieved_at": "2026-09-22T17:24:13Z"}, "geometry": {"type": "Point", "coordinates": [76.4913471, 9.6089821]}}, {"type": "Feature", "properties": {"id": "osm-node-9106994718", "name": "Dr Paul Dental Hospital Aymanam", "facility_type": "private_clinic", "sector": "private", "state": "Kerala", "district": "Kottayam", "block": null, "address_raw": "", "geocode_precision": "exact", "services": [], "services_raw": "healthcare=hospital", "source": "OpenStreetMap / Overpass", "source_url": "https://www.openstreetmap.org/node/9106994718", "retrieved_at": "2026-09-22T17:24:13Z"}, "geometry": {"type": "Point", "coordinates": [76.4980624, 9.6124749]}}, {"type": "Feature", "properties": {"id": "osm-node-9117959923", "name": "Kottamala Colony FHC", "facility_type": "private_clinic", "sector": "private", "state": "Kerala", "district": "Kottayam", "block": null, "address_raw": "", "geocode_precision": "exact", "services": [], "services_raw": "amenity=clinic; healthcare=clinic", "source": "OpenStreetMap / Overpass", "source_url": "https://www.openstreetmap.org/node/9117959923", "retrieved_at": "2026-09-22T17:24:13Z"}, "geometry": {"type": "Point", "coordinates": [76.4950352, 9.6027695]}}, {"type": "Feature", "properties": {"id": "osm-node-9163990245", "name": "Government Ayurveda Dispensary, Brahmamangalam", "facility_type": "private_clinic", "sector": "private", "state": "Kerala", "district": "Kottayam", "block": null, "address_raw": "Brahmamangalam-Neerpara Road, Brahmamangalam, 686605", "geocode_precision": "exact", "services": [], "services_raw": "amenity=clinic; healthcare=clinic", "source": "OpenStreetMap / Overpass", "source_url": "https://www.openstreetmap.org/node/9163990245", "retrieved_at": "2026-09-22T17:24:13Z"}, "geometry": {"type": "Point", "coordinates": [76.4240465, 9.8153119]}}, {"type": "Feature", "properties": {"id": "osm-node-9195127375", "name": "Ayurveda Hospital, Mattathipara", "facility_type": "private_clinic", "sector": "private", "state": "Kerala", "district": "Kottayam", "block": null, "address_raw": "", "geocode_precision": "exact", "services": [], "services_raw": "amenity=hospital; healthcare=hospital", "source": "OpenStreetMap / Overpass", "source_url": "https://www.openstreetmap.org/node/9195127375", "retrieved_at": "2026-09-22T17:24:13Z"}, "geometry": {"type": "Point", "coordinates": [76.7015777, 9.823759]}}, {"type": "Feature", "properties": {"id": "osm-node-9301737684", "name": "Denta Care Dental Clinic", "facility_type": "private_clinic", "sector": "private", "state": "Kerala", "district": "Kottayam", "block": null, "address_raw": "", "geocode_precision": "exact", "services": [], "services_raw": "amenity=hospital; healthcare=hospital", "source": "OpenStreetMap / Overpass", "source_url": "https://www.openstreetmap.org/node/9301737684", "retrieved_at": "2026-09-22T17:24:13Z"}, "geometry": {"type": "Point", "coordinates": [76.5395628, 9.444144]}}, {"type": "Feature", "properties": {"id": "osm-node-9301765977", "name": "Samaritan Hospital", "facility_type": "private_clinic", "sector": "private", "state": "Kerala", "district": "Kottayam", "block": null, "address_raw": "", "geocode_precision": "exact", "services": [], "services_raw": "amenity=hospital; healthcare=hospital", "source": "OpenStreetMap / Overpass", "source_url": "https://www.openstreetmap.org/node/9301765977", "retrieved_at": "2026-09-22T17:24:13Z"}, "geometry": {"type": "Point", "coordinates": [76.5413009, 9.4450177]}}, {"type": "Feature", "properties": {"id": "osm-node-9301796456", "name": "Cure Center", "facility_type": "private_clinic", "sector": "private", "state": "Kerala", "district": "Kottayam", "block": null, "address_raw": "", "geocode_precision": "exact", "services": [], "services_raw": "amenity=hospital; healthcare=hospital", "source": "OpenStreetMap / Overpass", "source_url": "https://www.openstreetmap.org/node/9301796456", "retrieved_at": "2026-09-22T17:24:13Z"}, "geometry": {"type": "Point", "coordinates": [76.5366875, 9.442944]}}, {"type": "Feature", "properties": {"id": "osm-node-9301895636", "name": "Vijaya Memorial Hospital", "facility_type": "private_clinic", "sector": "private", "state": "Kerala", "district": "Kottayam", "block": null, "address_raw": "", "geocode_precision": "exact", "services": [], "services_raw": "amenity=hospital; healthcare=hospital", "source": "OpenStreetMap / Overpass", "source_url": "https://www.openstreetmap.org/node/9301895636", "retrieved_at": "2026-09-22T17:24:13Z"}, "geometry": {"type": "Point", "coordinates": [76.5335392, 9.4451147]}}, {"type": "Feature", "properties": {"id": "osm-node-9309006608", "name": "Mother Theresa Homeopathic Clinic & Laboratory", "facility_type": "private_clinic", "sector": "private", "state": "Kerala", "district": "Kottayam", "block": null, "address_raw": "686603", "geocode_precision": "exact", "services": [], "services_raw": "amenity=clinic; healthcare=clinic", "source": "OpenStreetMap / Overpass", "source_url": "https://www.openstreetmap.org/node/9309006608", "retrieved_at": "2026-09-22T17:24:13Z"}, "geometry": {"type": "Point", "coordinates": [76.5151339, 9.7404854]}}, {"type": "Feature", "properties": {"id": "osm-node-9309051886", "name": "ST. XAVIER'S HOSPITAL, Kuruppanthara", "facility_type": "private_clinic", "sector": "private", "state": "Kerala", "district": "Kottayam", "block": null, "address_raw": "686603", "geocode_precision": "exact", "services": [], "services_raw": "amenity=hospital; healthcare=hospital", "source": "OpenStreetMap / Overpass", "source_url": "https://www.openstreetmap.org/node/9309051886", "retrieved_at": "2026-09-22T17:24:13Z"}, "geometry": {"type": "Point", "coordinates": [76.5055341, 9.7335371]}}, {"type": "Feature", "properties": {"id": "osm-node-9309074001", "name": "Priya Clinic", "facility_type": "private_clinic", "sector": "private", "state": "Kerala", "district": "Kottayam", "block": null, "address_raw": "686632", "geocode_precision": "exact", "services": [], "services_raw": "amenity=clinic; healthcare=clinic", "source": "OpenStreetMap / Overpass", "source_url": "https://www.openstreetmap.org/node/9309074001", "retrieved_at": "2026-09-22T17:24:13Z"}, "geometry": {"type": "Point", "coordinates": [76.524568, 9.7187358]}}, {"type": "Feature", "properties": {"id": "osm-node-9310066917", "name": "Government Ayurveda Hospital Changanessry", "facility_type": "private_clinic", "sector": "private", "state": "Kerala", "district": "Kottayam", "block": null, "address_raw": "", "geocode_precision": "exact", "services": [], "services_raw": "healthcare=hospital", "source": "OpenStreetMap / Overpass", "source_url": "https://www.openstreetmap.org/node/9310066917", "retrieved_at": "2026-09-22T17:24:13Z"}, "geometry": {"type": "Point", "coordinates": [76.5433695, 9.4396991]}}, {"type": "Feature", "properties": {"id": "osm-node-9320060920", "name": "Primary Health Center, Thalayazham", "facility_type": "private_clinic", "sector": "private", "state": "Kerala", "district": "Kottayam", "block": null, "address_raw": "686607", "geocode_precision": "exact", "services": [], "services_raw": "amenity=hospital; healthcare=hospital", "source": "OpenStreetMap / Overpass", "source_url": "https://www.openstreetmap.org/node/9320060920", "retrieved_at": "2026-09-22T17:24:13Z"}, "geometry": {"type": "Point", "coordinates": [76.4179441, 9.7227364]}}, {"type": "Feature", "properties": {"id": "osm-node-9320161477", "name": "Vayomithram health center", "facility_type": "private_clinic", "sector": "private", "state": "Kerala", "district": "Kottayam", "block": null, "address_raw": "", "geocode_precision": "exact", "services": [], "services_raw": "healthcare=hospital", "source": "OpenStreetMap / Overpass", "source_url": "https://www.openstreetmap.org/node/9320161477", "retrieved_at": "2026-09-22T17:24:13Z"}, "geometry": {"type": "Point", "coordinates": [76.5528921, 9.4466617]}}, {"type": "Feature", "properties": {"id": "osm-node-9326226416", "name": "Government Homeo Dispensary", "facility_type": "private_clinic", "sector": "private", "state": "Kerala", "district": "Kottayam", "block": null, "address_raw": "Thalayazham, 686607", "geocode_precision": "exact", "services": [], "services_raw": "amenity=clinic; healthcare=clinic", "source": "OpenStreetMap / Overpass", "source_url": "https://www.openstreetmap.org/node/9326226416", "retrieved_at": "2026-09-22T17:24:13Z"}, "geometry": {"type": "Point", "coordinates": [76.4223854, 9.7163284]}}, {"type": "Feature", "properties": {"id": "osm-node-9326297142", "name": "Government Ayurveda Dispensary, Thalayazham", "facility_type": "private_clinic", "sector": "private", "state": "Kerala", "district": "Kottayam", "block": null, "address_raw": "Thalayazham", "geocode_precision": "exact", "services": [], "services_raw": "amenity=hospital; healthcare=hospital", "source": "OpenStreetMap / Overpass", "source_url": "https://www.openstreetmap.org/node/9326297142", "retrieved_at": "2026-09-22T17:24:13Z"}, "geometry": {"type": "Point", "coordinates": [76.422279, 9.7150636]}}, {"type": "Feature", "properties": {"id": "osm-node-9360876767", "name": "Government Ayurveda Dispensary, TV Puram", "facility_type": "private_clinic", "sector": "private", "state": "Kerala", "district": "Kottayam", "block": null, "address_raw": "", "geocode_precision": "exact", "services": [], "services_raw": "amenity=hospital; healthcare=hospital", "source": "OpenStreetMap / Overpass", "source_url": "https://www.openstreetmap.org/node/9360876767", "retrieved_at": "2026-09-22T17:24:13Z"}, "geometry": {"type": "Point", "coordinates": [76.4001252, 9.7078166]}}, {"type": "Feature", "properties": {"id": "osm-node-9374957165", "name": "Santhigiri Ayurvedic Hospital", "facility_type": "private_clinic", "sector": "private", "state": "Kerala", "district": "Kottayam", "block": null, "address_raw": "", "geocode_precision": "exact", "services": [], "services_raw": "amenity=hospital; healthcare=hospital", "source": "OpenStreetMap / Overpass", "source_url": "https://www.openstreetmap.org/node/9374957165", "retrieved_at": "2026-09-22T17:24:13Z"}, "geometry": {"type": "Point", "coordinates": [76.8860031, 9.5840195]}}, {"type": "Feature", "properties": {"id": "osm-node-9377139064", "name": "Health Care Centre Akkarapadam", "facility_type": "private_clinic", "sector": "private", "state": "Kerala", "district": "Kottayam", "block": null, "address_raw": "akkarapadam", "geocode_precision": "exact", "services": [], "services_raw": "amenity=hospital; healthcare=hospital", "source": "OpenStreetMap / Overpass", "source_url": "https://www.openstreetmap.org/node/9377139064", "retrieved_at": "2026-09-22T17:24:13Z"}, "geometry": {"type": "Point", "coordinates": [76.3828104, 9.7813805]}}, {"type": "Feature", "properties": {"id": "osm-node-9377171261", "name": "Family Wellcare centre", "facility_type": "private_clinic", "sector": "private", "state": "Kerala", "district": "Kottayam", "block": null, "address_raw": "", "geocode_precision": "exact", "services": [], "services_raw": "amenity=hospital; healthcare=hospital", "source": "OpenStreetMap / Overpass", "source_url": "https://www.openstreetmap.org/node/9377171261", "retrieved_at": "2026-09-22T17:24:13Z"}, "geometry": {"type": "Point", "coordinates": [76.4191767, 9.7797422]}}, {"type": "Feature", "properties": {"id": "osm-node-9382299553", "name": "Ayush Public Health Center", "facility_type": "private_clinic", "sector": "private", "state": "Kerala", "district": "Kottayam", "block": null, "address_raw": "", "geocode_precision": "exact", "services": [], "services_raw": "amenity=hospital; healthcare=hospital", "source": "OpenStreetMap / Overpass", "source_url": "https://www.openstreetmap.org/node/9382299553", "retrieved_at": "2026-09-22T17:24:13Z"}, "geometry": {"type": "Point", "coordinates": [76.3907637, 9.8198655]}}, {"type": "Feature", "properties": {"id": "osm-node-9401721464", "name": "Modern Homeopathy Clinic, Bund road", "facility_type": "private_clinic", "sector": "private", "state": "Kerala", "district": "Kottayam", "block": null, "address_raw": "", "geocode_precision": "exact", "services": [], "services_raw": "amenity=clinic; healthcare=clinic", "source": "OpenStreetMap / Overpass", "source_url": "https://www.openstreetmap.org/node/9401721464", "retrieved_at": "2026-09-22T17:24:13Z"}, "geometry": {"type": "Point", "coordinates": [76.4209188, 9.6736553]}}, {"type": "Feature", "properties": {"id": "osm-node-9401733850", "name": "Government Ayurveda Dispensary, Vechoor", "facility_type": "private_clinic", "sector": "private", "state": "Kerala", "district": "Kottayam", "block": null, "address_raw": "", "geocode_precision": "exact", "services": [], "services_raw": "amenity=hospital; healthcare=hospital", "source": "OpenStreetMap / Overpass", "source_url": "https://www.openstreetmap.org/node/9401733850", "retrieved_at": "2026-09-22T17:24:13Z"}, "geometry": {"type": "Point", "coordinates": [76.4153831, 9.6691203]}}, {"type": "Feature", "properties": {"id": "osm-node-9668526137", "name": "Ayurveda Dispensary, Karipputhattu", "facility_type": "private_clinic", "sector": "private", "state": "Kerala", "district": "Kottayam", "block": null, "address_raw": "", "geocode_precision": "exact", "services": [], "services_raw": "amenity=hospital; healthcare=hospital", "source": "OpenStreetMap / Overpass", "source_url": "https://www.openstreetmap.org/node/9668526137", "retrieved_at": "2026-09-22T17:24:13Z"}, "geometry": {"type": "Point", "coordinates": [76.4961764, 9.6323832]}}, {"type": "Feature", "properties": {"id": "osm-node-9676709744", "name": "Shreyas Ayurveda Hospital, Perunthanam", "facility_type": "private_clinic", "sector": "private", "state": "Kerala", "district": "Kottayam", "block": null, "address_raw": "", "geocode_precision": "exact", "services": [], "services_raw": "amenity=hospital; healthcare=hospital", "source": "OpenStreetMap / Overpass", "source_url": "https://www.openstreetmap.org/node/9676709744", "retrieved_at": "2026-09-22T17:24:13Z"}, "geometry": {"type": "Point", "coordinates": [76.6086987, 9.778822]}}, {"type": "Feature", "properties": {"id": "osm-node-9676894163", "name": "Government Homeopathy Hospital, Uzhavoor", "facility_type": "private_clinic", "sector": "private", "state": "Kerala", "district": "Kottayam", "block": null, "address_raw": "", "geocode_precision": "exact", "services": [], "services_raw": "amenity=hospital; healthcare=hospital", "source": "OpenStreetMap / Overpass", "source_url": "https://www.openstreetmap.org/node/9676894163", "retrieved_at": "2026-09-22T17:24:13Z"}, "geometry": {"type": "Point", "coordinates": [76.6105198, 9.7913887]}}, {"type": "Feature", "properties": {"id": "osm-node-9676979305", "name": "MUM Hospital, Monippally", "facility_type": "private_clinic", "sector": "private", "state": "Kerala", "district": "Kottayam", "block": null, "address_raw": "", "geocode_precision": "exact", "services": [], "services_raw": "amenity=hospital; healthcare=hospital", "source": "OpenStreetMap / Overpass", "source_url": "https://www.openstreetmap.org/node/9676979305", "retrieved_at": "2026-09-22T17:24:13Z"}, "geometry": {"type": "Point", "coordinates": [76.5769807, 9.8103396]}}, {"type": "Feature", "properties": {"id": "osm-node-9677934082", "name": "Homoeo health care clinic and store Ponkunnam", "facility_type": "private_clinic", "sector": "private", "state": "Kerala", "district": "Kottayam", "block": null, "address_raw": "Pala-Ponkunam Road, Ponkunnam, 686506", "geocode_precision": "exact", "services": [], "services_raw": "amenity=clinic; healthcare=clinic; healthcare:speciality=general", "source": "OpenStreetMap / Overpass", "source_url": "https://www.openstreetmap.org/node/9677934082", "retrieved_at": "2026-09-22T17:24:13Z"}, "geometry": {"type": "Point", "coordinates": [76.7534674, 9.5678476]}}, {"type": "Feature", "properties": {"id": "osm-node-9682841366", "name": "Homeoe Medical Center", "facility_type": "private_clinic", "sector": "private", "state": "Kerala", "district": "Kottayam", "block": null, "address_raw": "Rajendra Maithanam Road, Ponkunnam, 686506", "geocode_precision": "exact", "services": [], "services_raw": "amenity=clinic; healthcare=clinic; healthcare:speciality=general", "source": "OpenStreetMap / Overpass", "source_url": "https://www.openstreetmap.org/node/9682841366", "retrieved_at": "2026-09-22T17:24:13Z"}, "geometry": {"type": "Point", "coordinates": [76.757306, 9.5642898]}}, {"type": "Feature", "properties": {"id": "osm-node-9726115691", "name": "Government Ayurveda Hospital, Edappady", "facility_type": "private_clinic", "sector": "private", "state": "Kerala", "district": "Kottayam", "block": null, "address_raw": "", "geocode_precision": "exact", "services": [], "services_raw": "amenity=hospital; healthcare=hospital", "source": "OpenStreetMap / Overpass", "source_url": "https://www.openstreetmap.org/node/9726115691", "retrieved_at": "2026-09-22T17:24:13Z"}, "geometry": {"type": "Point", "coordinates": [76.7133261, 9.7124171]}}, {"type": "Feature", "properties": {"id": "osm-node-9726165298", "name": "ICDP Sub Center", "facility_type": "private_clinic", "sector": "private", "state": "Kerala", "district": "Kottayam", "block": null, "address_raw": "", "geocode_precision": "exact", "services": [], "services_raw": "amenity=clinic; healthcare=clinic", "source": "OpenStreetMap / Overpass", "source_url": "https://www.openstreetmap.org/node/9726165298", "retrieved_at": "2026-09-22T17:24:13Z"}, "geometry": {"type": "Point", "coordinates": [76.7260293, 9.7065367]}}, {"type": "Feature", "properties": {"id": "osm-node-9729617590", "name": "Family welfare center cheruvally", "facility_type": "phc", "sector": "government", "state": "Kerala", "district": "Kottayam", "block": null, "address_raw": "Vayanashalappadi - Karakkamatam Road, Cheruvally, 686519", "geocode_precision": "exact", "services": [], "services_raw": "amenity=clinic; healthcare=clinic; healthcare:speciality=general", "source": "OpenStreetMap / Overpass", "source_url": "https://www.openstreetmap.org/node/9729617590", "retrieved_at": "2026-09-22T17:24:13Z"}, "geometry": {"type": "Point", "coordinates": [76.7632557, 9.5236737]}}, {"type": "Feature", "properties": {"id": "osm-node-9730870072", "name": "Public Health Center PHC sub center edappady", "facility_type": "private_clinic", "sector": "private", "state": "Kerala", "district": "Kottayam", "block": null, "address_raw": "", "geocode_precision": "exact", "services": [], "services_raw": "amenity=hospital; healthcare=hospital", "source": "OpenStreetMap / Overpass", "source_url": "https://www.openstreetmap.org/node/9730870072", "retrieved_at": "2026-09-22T17:24:13Z"}, "geometry": {"type": "Point", "coordinates": [76.7189024, 9.7129108]}}, {"type": "Feature", "properties": {"id": "osm-node-9763356869", "name": "Muthi Ayurveda Hospital, Vechoor", "facility_type": "private_clinic", "sector": "private", "state": "Kerala", "district": "Kottayam", "block": null, "address_raw": "", "geocode_precision": "exact", "services": [], "services_raw": "amenity=hospital; healthcare=hospital", "source": "OpenStreetMap / Overpass", "source_url": "https://www.openstreetmap.org/node/9763356869", "retrieved_at": "2026-09-22T17:24:13Z"}, "geometry": {"type": "Point", "coordinates": [76.4080659, 9.6672286]}}, {"type": "Feature", "properties": {"id": "osm-node-9794142954", "name": "Unnamed mapped hospital", "facility_type": "private_clinic", "sector": "private", "state": "Kerala", "district": "Kottayam", "block": null, "address_raw": "", "geocode_precision": "exact", "services": [], "services_raw": "amenity=hospital; healthcare=hospital", "source": "OpenStreetMap / Overpass", "source_url": "https://www.openstreetmap.org/node/9794142954", "retrieved_at": "2026-09-22T17:24:13Z"}, "geometry": {"type": "Point", "coordinates": [76.8074881, 9.5172862]}}, {"type": "Feature", "properties": {"id": "osm-node-9838408942", "name": "Rani Hospital", "facility_type": "private_clinic", "sector": "private", "state": "Kerala", "district": "Kottayam", "block": null, "address_raw": "", "geocode_precision": "exact", "services": [], "services_raw": "amenity=hospital; healthcare=hospital", "source": "OpenStreetMap / Overpass", "source_url": "https://www.openstreetmap.org/node/9838408942", "retrieved_at": "2026-09-22T17:24:13Z"}, "geometry": {"type": "Point", "coordinates": [76.8016808, 9.559245]}}, {"type": "Feature", "properties": {"id": "osm-node-9838448290", "name": "mary matha", "facility_type": "private_clinic", "sector": "private", "state": "Kerala", "district": "Kottayam", "block": null, "address_raw": "", "geocode_precision": "exact", "services": [], "services_raw": "amenity=hospital; healthcare=hospital", "source": "OpenStreetMap / Overpass", "source_url": "https://www.openstreetmap.org/node/9838448290", "retrieved_at": "2026-09-22T17:24:13Z"}, "geometry": {"type": "Point", "coordinates": [76.8028956, 9.5599159]}}, {"type": "Feature", "properties": {"id": "osm-node-9841053425", "name": "mary queens mission hospital", "facility_type": "private_clinic", "sector": "private", "state": "Kerala", "district": "Kottayam", "block": null, "address_raw": "", "geocode_precision": "exact", "services": [], "services_raw": "amenity=hospital; healthcare=hospital", "source": "OpenStreetMap / Overpass", "source_url": "https://www.openstreetmap.org/node/9841053425", "retrieved_at": "2026-09-22T17:24:13Z"}, "geometry": {"type": "Point", "coordinates": [76.8136544, 9.5579201]}}, {"type": "Feature", "properties": {"id": "osm-node-9856191876", "name": "Family Welfare Centre, Mundakayam", "facility_type": "private_clinic", "sector": "private", "state": "Kerala", "district": "Kottayam", "block": null, "address_raw": "", "geocode_precision": "exact", "services": [], "services_raw": "amenity=hospital; healthcare=hospital", "source": "OpenStreetMap / Overpass", "source_url": "https://www.openstreetmap.org/node/9856191876", "retrieved_at": "2026-09-22T17:24:13Z"}, "geometry": {"type": "Point", "coordinates": [76.9005147, 9.5099479]}}, {"type": "Feature", "properties": {"id": "osm-node-9929202288", "name": "Ak Homeopathic Speciality Centre", "facility_type": "private_clinic", "sector": "private", "state": "Kerala", "district": "Kottayam", "block": null, "address_raw": "", "geocode_precision": "exact", "services": [], "services_raw": "amenity=hospital; healthcare=hospital", "source": "OpenStreetMap / Overpass", "source_url": "https://www.openstreetmap.org/node/9929202288", "retrieved_at": "2026-09-22T17:24:13Z"}, "geometry": {"type": "Point", "coordinates": [76.5766845, 9.4747025]}}, {"type": "Feature", "properties": {"id": "osm-node-9958631854", "name": "Kallara Government Homoeo Dispensary", "facility_type": "private_clinic", "sector": "private", "state": "Kerala", "district": "Kottayam", "block": null, "address_raw": "", "geocode_precision": "exact", "services": [], "services_raw": "amenity=hospital; healthcare=hospital", "source": "OpenStreetMap / Overpass", "source_url": "https://www.openstreetmap.org/node/9958631854", "retrieved_at": "2026-09-22T17:24:13Z"}, "geometry": {"type": "Point", "coordinates": [76.4769156, 9.7083776]}}, {"type": "Feature", "properties": {"id": "osm-node-10033500993", "name": "Unnamed mapped hospital", "facility_type": "private_clinic", "sector": "private", "state": "Kerala", "district": "Kottayam", "block": null, "address_raw": "", "geocode_precision": "exact", "services": [], "services_raw": "amenity=hospital; healthcare=hospital", "source": "OpenStreetMap / Overpass", "source_url": "https://www.openstreetmap.org/node/10033500993", "retrieved_at": "2026-09-22T17:24:13Z"}, "geometry": {"type": "Point", "coordinates": [76.5916744, 9.4776772]}}, {"type": "Feature", "properties": {"id": "osm-node-10073047995", "name": "Government homeopathy hospital", "facility_type": "phc", "sector": "government", "state": "Kerala", "district": "Kottayam", "block": null, "address_raw": "Poonjar - Kunnonni Road, Poonjar, 686582", "geocode_precision": "exact", "services": [], "services_raw": "amenity=clinic; healthcare=clinic; healthcare:speciality=general", "source": "OpenStreetMap / Overpass", "source_url": "https://www.openstreetmap.org/node/10073047995", "retrieved_at": "2026-09-22T17:24:13Z"}, "geometry": {"type": "Point", "coordinates": [76.8135466, 9.6735309]}}, {"type": "Feature", "properties": {"id": "osm-node-10076074710", "name": "Primary Health Center Kunnoni", "facility_type": "phc", "sector": "government", "state": "Kerala", "district": "Kottayam", "block": null, "address_raw": "Poonjar - Kunnonni Road, kunnoni, 686582", "geocode_precision": "exact", "services": [], "services_raw": "amenity=clinic; healthcare=clinic; healthcare:speciality=general", "source": "OpenStreetMap / Overpass", "source_url": "https://www.openstreetmap.org/node/10076074710", "retrieved_at": "2026-09-22T17:24:13Z"}, "geometry": {"type": "Point", "coordinates": [76.8350553, 9.6552755]}}, {"type": "Feature", "properties": {"id": "osm-node-10086391596", "name": "Government Homeo Dispancary", "facility_type": "phc", "sector": "government", "state": "Kerala", "district": "Kottayam", "block": null, "address_raw": "Ettumanoor - Erattupetta - Poonjar Road, Panachipara, 686581", "geocode_precision": "exact", "services": [], "services_raw": "amenity=clinic; healthcare=clinic; healthcare:speciality=general", "source": "OpenStreetMap / Overpass", "source_url": "https://www.openstreetmap.org/node/10086391596", "retrieved_at": "2026-09-22T17:24:13Z"}, "geometry": {"type": "Point", "coordinates": [76.7978118, 9.6711651]}}, {"type": "Feature", "properties": {"id": "osm-node-10087483957", "name": "FWC പെരിങ്ങുളം", "facility_type": "private_clinic", "sector": "private", "state": "Kerala", "district": "Kottayam", "block": null, "address_raw": "Poonjar - Kunnonni Road, peringulam, 686582", "geocode_precision": "exact", "services": [], "services_raw": "amenity=clinic; healthcare=clinic", "source": "OpenStreetMap / Overpass", "source_url": "https://www.openstreetmap.org/node/10087483957", "retrieved_at": "2026-09-22T17:24:13Z"}, "geometry": {"type": "Point", "coordinates": [76.8472074, 9.6742711]}}, {"type": "Feature", "properties": {"id": "osm-node-10106437183", "name": "Government homeo hospital", "facility_type": "private_clinic", "sector": "private", "state": "Kerala", "district": "Kottayam", "block": null, "address_raw": "", "geocode_precision": "exact", "services": [], "services_raw": "amenity=hospital; healthcare=hospital", "source": "OpenStreetMap / Overpass", "source_url": "https://www.openstreetmap.org/node/10106437183", "retrieved_at": "2026-09-22T17:24:13Z"}, "geometry": {"type": "Point", "coordinates": [76.7298606, 9.6049196]}}, {"type": "Feature", "properties": {"id": "osm-node-10106853321", "name": "udaya hsopital", "facility_type": "private_clinic", "sector": "private", "state": "Kerala", "district": "Kottayam", "block": null, "address_raw": "", "geocode_precision": "exact", "services": [], "services_raw": "amenity=hospital; healthcare=hospital", "source": "OpenStreetMap / Overpass", "source_url": "https://www.openstreetmap.org/node/10106853321", "retrieved_at": "2026-09-22T17:24:13Z"}, "geometry": {"type": "Point", "coordinates": [76.5239579, 9.4804837]}}, {"type": "Feature", "properties": {"id": "osm-node-10106872892", "name": "fhc", "facility_type": "private_clinic", "sector": "private", "state": "Kerala", "district": "Kottayam", "block": null, "address_raw": "", "geocode_precision": "exact", "services": [], "services_raw": "amenity=hospital; healthcare=hospital", "source": "OpenStreetMap / Overpass", "source_url": "https://www.openstreetmap.org/node/10106872892", "retrieved_at": "2026-09-22T17:24:13Z"}, "geometry": {"type": "Point", "coordinates": [76.5186965, 9.4773201]}}, {"type": "Feature", "properties": {"id": "osm-node-10110417418", "name": "PHC", "facility_type": "private_clinic", "sector": "private", "state": "Kerala", "district": "Kottayam", "block": null, "address_raw": "", "geocode_precision": "exact", "services": [], "services_raw": "amenity=hospital; healthcare=hospital", "source": "OpenStreetMap / Overpass", "source_url": "https://www.openstreetmap.org/node/10110417418", "retrieved_at": "2026-09-22T17:24:13Z"}, "geometry": {"type": "Point", "coordinates": [76.5579245, 9.4759367]}}, {"type": "Feature", "properties": {"id": "osm-node-10110448630", "name": "kannamali auyervedha hsopital", "facility_type": "private_clinic", "sector": "private", "state": "Kerala", "district": "Kottayam", "block": null, "address_raw": "", "geocode_precision": "exact", "services": [], "services_raw": "amenity=hospital; healthcare=hospital", "source": "OpenStreetMap / Overpass", "source_url": "https://www.openstreetmap.org/node/10110448630", "retrieved_at": "2026-09-22T17:24:13Z"}, "geometry": {"type": "Point", "coordinates": [76.5262364, 9.4834272]}}, {"type": "Feature", "properties": {"id": "osm-node-10111327385", "name": "Putiyidam hospital", "facility_type": "private_clinic", "sector": "private", "state": "Kerala", "district": "Kottayam", "block": null, "address_raw": "", "geocode_precision": "exact", "services": [], "services_raw": "amenity=hospital; healthcare=hospital", "source": "OpenStreetMap / Overpass", "source_url": "https://www.openstreetmap.org/node/10111327385", "retrieved_at": "2026-09-22T17:24:13Z"}, "geometry": {"type": "Point", "coordinates": [76.6997206, 9.6617308]}}, {"type": "Feature", "properties": {"id": "osm-node-10111354545", "name": "health center", "facility_type": "private_clinic", "sector": "private", "state": "Kerala", "district": "Kottayam", "block": null, "address_raw": "", "geocode_precision": "exact", "services": [], "services_raw": "amenity=hospital; healthcare=hospital", "source": "OpenStreetMap / Overpass", "source_url": "https://www.openstreetmap.org/node/10111354545", "retrieved_at": "2026-09-22T17:24:13Z"}, "geometry": {"type": "Point", "coordinates": [76.6940079, 9.6819581]}}, {"type": "Feature", "properties": {"id": "osm-node-10282398139", "name": "S H clinic & nursing home", "facility_type": "private_clinic", "sector": "private", "state": "Kerala", "district": "Kottayam", "block": null, "address_raw": "", "geocode_precision": "exact", "services": [], "services_raw": "amenity=clinic", "source": "OpenStreetMap / Overpass", "source_url": "https://www.openstreetmap.org/node/10282398139", "retrieved_at": "2026-09-22T17:24:13Z"}, "geometry": {"type": "Point", "coordinates": [76.5333727, 9.6108497]}}, {"type": "Feature", "properties": {"id": "osm-node-10635857541", "name": "CARITHAS AYURVEDHA HOSPITAL", "facility_type": "private_clinic", "sector": "private", "state": "Kerala", "district": "Kottayam", "block": null, "address_raw": "", "geocode_precision": "exact", "services": [], "services_raw": "amenity=hospital; healthcare=hospital", "source": "OpenStreetMap / Overpass", "source_url": "https://www.openstreetmap.org/node/10635857541", "retrieved_at": "2026-09-22T17:24:13Z"}, "geometry": {"type": "Point", "coordinates": [76.5537562, 9.6452905]}}, {"type": "Feature", "properties": {"id": "osm-node-10720542837", "name": "FHC Panachikkad", "facility_type": "private_clinic", "sector": "private", "state": "Kerala", "district": "Kottayam", "block": null, "address_raw": "", "geocode_precision": "exact", "services": [], "services_raw": "amenity=hospital; healthcare=hospital", "source": "OpenStreetMap / Overpass", "source_url": "https://www.openstreetmap.org/node/10720542837", "retrieved_at": "2026-09-22T17:24:13Z"}, "geometry": {"type": "Point", "coordinates": [76.5340261, 9.5415096]}}, {"type": "Feature", "properties": {"id": "osm-node-11244969081", "name": "Kisco Diagnostic Centre", "facility_type": "private_clinic", "sector": "private", "state": "Kerala", "district": "Kottayam", "block": null, "address_raw": "", "geocode_precision": "exact", "services": [], "services_raw": "amenity=clinic", "source": "OpenStreetMap / Overpass", "source_url": "https://www.openstreetmap.org/node/11244969081", "retrieved_at": "2026-09-22T17:24:13Z"}, "geometry": {"type": "Point", "coordinates": [76.7770256, 9.6865302]}}, {"type": "Feature", "properties": {"id": "osm-node-11573471904", "name": "NEW CASUALITY", "facility_type": "private_clinic", "sector": "private", "state": "Kerala", "district": "Kottayam", "block": null, "address_raw": "", "geocode_precision": "exact", "services": [], "services_raw": "amenity=hospital; healthcare=hospital", "source": "OpenStreetMap / Overpass", "source_url": "https://www.openstreetmap.org/node/11573471904", "retrieved_at": "2026-09-22T17:24:13Z"}, "geometry": {"type": "Point", "coordinates": [76.5203315, 9.6327689]}}, {"type": "Feature", "properties": {"id": "osm-node-11573471905", "name": "DCH", "facility_type": "private_clinic", "sector": "private", "state": "Kerala", "district": "Kottayam", "block": null, "address_raw": "", "geocode_precision": "exact", "services": [], "services_raw": "amenity=hospital; healthcare=hospital", "source": "OpenStreetMap / Overpass", "source_url": "https://www.openstreetmap.org/node/11573471905", "retrieved_at": "2026-09-22T17:24:13Z"}, "geometry": {"type": "Point", "coordinates": [76.5201465, 9.6342157]}}, {"type": "Feature", "properties": {"id": "osm-node-11573471907", "name": "GYNECOLOGY BLOCK", "facility_type": "private_clinic", "sector": "private", "state": "Kerala", "district": "Kottayam", "block": null, "address_raw": "", "geocode_precision": "exact", "services": [], "services_raw": "amenity=hospital; healthcare=hospital", "source": "OpenStreetMap / Overpass", "source_url": "https://www.openstreetmap.org/node/11573471907", "retrieved_at": "2026-09-22T17:24:13Z"}, "geometry": {"type": "Point", "coordinates": [76.5179615, 9.6355384]}}, {"type": "Feature", "properties": {"id": "osm-node-11573471909", "name": "CANCER BLOCK", "facility_type": "private_clinic", "sector": "private", "state": "Kerala", "district": "Kottayam", "block": null, "address_raw": "", "geocode_precision": "exact", "services": [], "services_raw": "amenity=hospital; healthcare=hospital", "source": "OpenStreetMap / Overpass", "source_url": "https://www.openstreetmap.org/node/11573471909", "retrieved_at": "2026-09-22T17:24:13Z"}, "geometry": {"type": "Point", "coordinates": [76.5206575, 9.6354619]}}, {"type": "Feature", "properties": {"id": "osm-node-11573471910", "name": "CARDIOLOGY BLOCK", "facility_type": "private_clinic", "sector": "private", "state": "Kerala", "district": "Kottayam", "block": null, "address_raw": "", "geocode_precision": "exact", "services": [], "services_raw": "amenity=hospital; healthcare=hospital", "source": "OpenStreetMap / Overpass", "source_url": "https://www.openstreetmap.org/node/11573471910", "retrieved_at": "2026-09-22T17:24:13Z"}, "geometry": {"type": "Point", "coordinates": [76.5197859, 9.6346053]}}, {"type": "Feature", "properties": {"id": "osm-node-11573471911", "name": "COLLEGE OF NURSING", "facility_type": "private_clinic", "sector": "private", "state": "Kerala", "district": "Kottayam", "block": null, "address_raw": "", "geocode_precision": "exact", "services": [], "services_raw": "amenity=hospital; healthcare=hospital", "source": "OpenStreetMap / Overpass", "source_url": "https://www.openstreetmap.org/node/11573471911", "retrieved_at": "2026-09-22T17:24:13Z"}, "geometry": {"type": "Point", "coordinates": [76.5186057, 9.6334065]}}, {"type": "Feature", "properties": {"id": "osm-node-11573471912", "name": "PHYSICAL MEDICINE AND REHABILITATION", "facility_type": "private_clinic", "sector": "private", "state": "Kerala", "district": "Kottayam", "block": null, "address_raw": "", "geocode_precision": "exact", "services": [], "services_raw": "amenity=hospital; healthcare=hospital", "source": "OpenStreetMap / Overpass", "source_url": "https://www.openstreetmap.org/node/11573471912", "retrieved_at": "2026-09-22T17:24:13Z"}, "geometry": {"type": "Point", "coordinates": [76.5213822, 9.632969]}}, {"type": "Feature", "properties": {"id": "osm-node-11573471913", "name": "PODIPPARA LAB", "facility_type": "private_clinic", "sector": "private", "state": "Kerala", "district": "Kottayam", "block": null, "address_raw": "", "geocode_precision": "exact", "services": [], "services_raw": "amenity=hospital; healthcare=hospital", "source": "OpenStreetMap / Overpass", "source_url": "https://www.openstreetmap.org/node/11573471913", "retrieved_at": "2026-09-22T17:24:13Z"}, "geometry": {"type": "Point", "coordinates": [76.5206644, 9.6345963]}}, {"type": "Feature", "properties": {"id": "osm-node-11573471914", "name": "FORENSIC MEDICINE", "facility_type": "private_clinic", "sector": "private", "state": "Kerala", "district": "Kottayam", "block": null, "address_raw": "", "geocode_precision": "exact", "services": [], "services_raw": "amenity=hospital; healthcare=hospital", "source": "OpenStreetMap / Overpass", "source_url": "https://www.openstreetmap.org/node/11573471914", "retrieved_at": "2026-09-22T17:24:13Z"}, "geometry": {"type": "Point", "coordinates": [76.5217332, 9.6334681]}}, {"type": "Feature", "properties": {"id": "osm-node-11573471915", "name": "BLOOD BANK", "facility_type": "private_clinic", "sector": "private", "state": "Kerala", "district": "Kottayam", "block": null, "address_raw": "", "geocode_precision": "exact", "services": [], "services_raw": "amenity=hospital; healthcare=hospital", "source": "OpenStreetMap / Overpass", "source_url": "https://www.openstreetmap.org/node/11573471915", "retrieved_at": "2026-09-22T17:24:13Z"}, "geometry": {"type": "Point", "coordinates": [76.5214312, 9.6337705]}}, {"type": "Feature", "properties": {"id": "osm-node-11573471917", "name": "NEW OP", "facility_type": "private_clinic", "sector": "private", "state": "Kerala", "district": "Kottayam", "block": null, "address_raw": "", "geocode_precision": "exact", "services": [], "services_raw": "amenity=hospital; healthcare=hospital", "source": "OpenStreetMap / Overpass", "source_url": "https://www.openstreetmap.org/node/11573471917", "retrieved_at": "2026-09-22T17:24:13Z"}, "geometry": {"type": "Point", "coordinates": [76.5206764, 9.6336209]}}, {"type": "Feature", "properties": {"id": "osm-node-11573471918", "name": "C2 BLOCK", "facility_type": "private_clinic", "sector": "private", "state": "Kerala", "district": "Kottayam", "block": null, "address_raw": "", "geocode_precision": "exact", "services": [], "services_raw": "amenity=hospital; healthcare=hospital", "source": "OpenStreetMap / Overpass", "source_url": "https://www.openstreetmap.org/node/11573471918", "retrieved_at": "2026-09-22T17:24:13Z"}, "geometry": {"type": "Point", "coordinates": [76.5219186, 9.6358739]}}, {"type": "Feature", "properties": {"id": "osm-node-11573471919", "name": "CLINICAL BIOCHEMISTRY LAB", "facility_type": "private_clinic", "sector": "private", "state": "Kerala", "district": "Kottayam", "block": null, "address_raw": "", "geocode_precision": "exact", "services": [], "services_raw": "amenity=hospital; healthcare=hospital", "source": "OpenStreetMap / Overpass", "source_url": "https://www.openstreetmap.org/node/11573471919", "retrieved_at": "2026-09-22T17:24:13Z"}, "geometry": {"type": "Point", "coordinates": [76.522036, 9.635611]}}, {"type": "Feature", "properties": {"id": "osm-node-11573471920", "name": "C BLOCK", "facility_type": "private_clinic", "sector": "private", "state": "Kerala", "district": "Kottayam", "block": null, "address_raw": "", "geocode_precision": "exact", "services": [], "services_raw": "amenity=hospital; healthcare=hospital", "source": "OpenStreetMap / Overpass", "source_url": "https://www.openstreetmap.org/node/11573471920", "retrieved_at": "2026-09-22T17:24:13Z"}, "geometry": {"type": "Point", "coordinates": [76.5223585, 9.6351621]}}, {"type": "Feature", "properties": {"id": "osm-node-11573471921", "name": "HISTOPATHOLOGY LAB", "facility_type": "private_clinic", "sector": "private", "state": "Kerala", "district": "Kottayam", "block": null, "address_raw": "", "geocode_precision": "exact", "services": [], "services_raw": "amenity=hospital; healthcare=hospital", "source": "OpenStreetMap / Overpass", "source_url": "https://www.openstreetmap.org/node/11573471921", "retrieved_at": "2026-09-22T17:24:13Z"}, "geometry": {"type": "Point", "coordinates": [76.5225889, 9.6349109]}}, {"type": "Feature", "properties": {"id": "osm-node-11573471922", "name": "ADMINISTRATIVE BLOCK", "facility_type": "private_clinic", "sector": "private", "state": "Kerala", "district": "Kottayam", "block": null, "address_raw": "", "geocode_precision": "exact", "services": [], "services_raw": "amenity=hospital; healthcare=hospital", "source": "OpenStreetMap / Overpass", "source_url": "https://www.openstreetmap.org/node/11573471922", "retrieved_at": "2026-09-22T17:24:13Z"}, "geometry": {"type": "Point", "coordinates": [76.5229792, 9.6351835]}}, {"type": "Feature", "properties": {"id": "osm-node-11573471923", "name": "COLLEGE OF PHARMACY", "facility_type": "private_clinic", "sector": "private", "state": "Kerala", "district": "Kottayam", "block": null, "address_raw": "", "geocode_precision": "exact", "services": [], "services_raw": "amenity=hospital; healthcare=hospital", "source": "OpenStreetMap / Overpass", "source_url": "https://www.openstreetmap.org/node/11573471923", "retrieved_at": "2026-09-22T17:24:13Z"}, "geometry": {"type": "Point", "coordinates": [76.522822, 9.6358435]}}, {"type": "Feature", "properties": {"id": "osm-node-11573471924", "name": "NEW LADIES HOSTEL", "facility_type": "private_clinic", "sector": "private", "state": "Kerala", "district": "Kottayam", "block": null, "address_raw": "", "geocode_precision": "exact", "services": [], "services_raw": "amenity=hospital; healthcare=hospital", "source": "OpenStreetMap / Overpass", "source_url": "https://www.openstreetmap.org/node/11573471924", "retrieved_at": "2026-09-22T17:24:13Z"}, "geometry": {"type": "Point", "coordinates": [76.5234155, 9.6361561]}}, {"type": "Feature", "properties": {"id": "osm-node-11573471925", "name": "KARUNYA", "facility_type": "private_clinic", "sector": "private", "state": "Kerala", "district": "Kottayam", "block": null, "address_raw": "", "geocode_precision": "exact", "services": [], "services_raw": "amenity=hospital; healthcare=hospital", "source": "OpenStreetMap / Overpass", "source_url": "https://www.openstreetmap.org/node/11573471925", "retrieved_at": "2026-09-22T17:24:13Z"}, "geometry": {"type": "Point", "coordinates": [76.5228382, 9.6335097]}}, {"type": "Feature", "properties": {"id": "osm-node-11573471929", "name": "PHARMACY", "facility_type": "private_clinic", "sector": "private", "state": "Kerala", "district": "Kottayam", "block": null, "address_raw": "", "geocode_precision": "exact", "services": [], "services_raw": "amenity=hospital; healthcare=hospital", "source": "OpenStreetMap / Overpass", "source_url": "https://www.openstreetmap.org/node/11573471929", "retrieved_at": "2026-09-22T17:24:13Z"}, "geometry": {"type": "Point", "coordinates": [76.5209537, 9.6337507]}}, {"type": "Feature", "properties": {"id": "osm-node-13352989744", "name": "Lakshmi Clinic", "facility_type": "private_clinic", "sector": "private", "state": "Kerala", "district": "Kottayam", "block": null, "address_raw": "Njaliakuzhi-Ericade Road, Puthuppally, 686011", "geocode_precision": "exact", "services": [], "services_raw": "amenity=clinic; healthcare=clinic", "source": "OpenStreetMap / Overpass", "source_url": "https://www.openstreetmap.org/node/13352989744", "retrieved_at": "2026-09-22T17:24:13Z"}, "geometry": {"type": "Point", "coordinates": [76.5844414, 9.541555]}}, {"type": "Feature", "properties": {"id": "osm-node-13934832622", "name": "Casualty", "facility_type": "private_clinic", "sector": "private", "state": "Kerala", "district": "Kottayam", "block": null, "address_raw": "", "geocode_precision": "exact", "services": [], "services_raw": "amenity=hospital; healthcare=hospital", "source": "OpenStreetMap / Overpass", "source_url": "https://www.openstreetmap.org/node/13934832622", "retrieved_at": "2026-09-22T17:24:13Z"}, "geometry": {"type": "Point", "coordinates": [76.7896065, 9.5565694]}}, {"type": "Feature", "properties": {"id": "osm-node-13934832624", "name": "ICU", "facility_type": "private_clinic", "sector": "private", "state": "Kerala", "district": "Kottayam", "block": null, "address_raw": "", "geocode_precision": "exact", "services": [], "services_raw": "amenity=hospital; healthcare=hospital", "source": "OpenStreetMap / Overpass", "source_url": "https://www.openstreetmap.org/node/13934832624", "retrieved_at": "2026-09-22T17:24:13Z"}, "geometry": {"type": "Point", "coordinates": [76.7895661, 9.5566476]}}, {"type": "Feature", "properties": {"id": "osm-way-111545559", "name": "Government Medical College, Kottayam", "facility_type": "private_clinic", "sector": "private", "state": "Kerala", "district": "Kottayam", "block": null, "address_raw": "686008", "geocode_precision": "exact", "services": [], "services_raw": "amenity=hospital; healthcare=hospital", "source": "OpenStreetMap / Overpass", "source_url": "https://www.openstreetmap.org/way/111545559", "retrieved_at": "2026-09-22T17:24:13Z"}, "geometry": {"type": "Point", "coordinates": [76.5211886, 9.6342032]}}, {"type": "Feature", "properties": {"id": "osm-way-284587475", "name": "Immaculate Heart of Mary Hospital", "facility_type": "private_clinic", "sector": "private", "state": "Kerala", "district": "Kottayam", "block": null, "address_raw": "686578", "geocode_precision": "exact", "services": [], "services_raw": "amenity=hospital", "source": "OpenStreetMap / Overpass", "source_url": "https://www.openstreetmap.org/way/284587475", "retrieved_at": "2026-09-22T17:24:13Z"}, "geometry": {"type": "Point", "coordinates": [76.7199095, 9.7042675]}}, {"type": "Feature", "properties": {"id": "osm-way-295116281", "name": "VSM Hospital", "facility_type": "private_clinic", "sector": "private", "state": "Kerala", "district": "Kottayam", "block": null, "address_raw": "", "geocode_precision": "exact", "services": [], "services_raw": "amenity=hospital", "source": "OpenStreetMap / Overpass", "source_url": "https://www.openstreetmap.org/way/295116281", "retrieved_at": "2026-09-22T17:24:13Z"}, "geometry": {"type": "Point", "coordinates": [76.3945942, 9.7501268]}}, {"type": "Feature", "properties": {"id": "osm-way-305223968", "name": "Taluk Headquarters Hospital, Kanjirappaly", "facility_type": "district_hospital", "sector": "government", "state": "Kerala", "district": "Kottayam", "block": null, "address_raw": "NH183, Kanjirappally", "geocode_precision": "exact", "services": [], "services_raw": "amenity=hospital; healthcare=hospital; healthcare:speciality=general;gynaecology;surgery;emergency;internal", "source": "OpenStreetMap / Overpass", "source_url": "https://www.openstreetmap.org/way/305223968", "retrieved_at": "2026-09-22T17:24:13Z"}, "geometry": {"type": "Point", "coordinates": [76.7801762, 9.5596047]}}, {"type": "Feature", "properties": {"id": "osm-way-320939899", "name": "Santhinikethan Hospital", "facility_type": "private_clinic", "sector": "private", "state": "Kerala", "district": "Kottayam", "block": null, "address_raw": "NH183, Ponkunnam, 686506", "geocode_precision": "exact", "services": [], "services_raw": "amenity=hospital; healthcare=hospital; healthcare:speciality=general;gynaecology", "source": "OpenStreetMap / Overpass", "source_url": "https://www.openstreetmap.org/way/320939899", "retrieved_at": "2026-09-22T17:24:13Z"}, "geometry": {"type": "Point", "coordinates": [76.7655518, 9.5654622]}}, {"type": "Feature", "properties": {"id": "osm-way-402361940", "name": "Carithas KMM Hospital", "facility_type": "private_clinic", "sector": "private", "state": "Kerala", "district": "Kottayam", "block": null, "address_raw": "", "geocode_precision": "exact", "services": [], "services_raw": "amenity=hospital; healthcare=hospital", "source": "OpenStreetMap / Overpass", "source_url": "https://www.openstreetmap.org/way/402361940", "retrieved_at": "2026-09-22T17:24:13Z"}, "geometry": {"type": "Point", "coordinates": [76.5101301, 9.5906867]}}, {"type": "Feature", "properties": {"id": "osm-way-421612662", "name": "Govt Homeo Dispensory", "facility_type": "private_clinic", "sector": "private", "state": "Kerala", "district": "Kottayam", "block": null, "address_raw": "", "geocode_precision": "exact", "services": [], "services_raw": "amenity=clinic", "source": "OpenStreetMap / Overpass", "source_url": "https://www.openstreetmap.org/way/421612662", "retrieved_at": "2026-09-22T17:24:13Z"}, "geometry": {"type": "Point", "coordinates": [76.6340014, 9.7607315]}}, {"type": "Feature", "properties": {"id": "osm-way-455239905", "name": "Community Health Centre Sachivothampuram", "facility_type": "district_hospital", "sector": "government", "state": "Kerala", "district": "Kottayam", "block": null, "address_raw": "sachivothampuram, 686532", "geocode_precision": "exact", "services": [], "services_raw": "amenity=hospital; healthcare=hospital", "source": "OpenStreetMap / Overpass", "source_url": "https://www.openstreetmap.org/way/455239905", "retrieved_at": "2026-09-22T17:24:13Z"}, "geometry": {"type": "Point", "coordinates": [76.5262749, 9.5068845]}}, {"type": "Feature", "properties": {"id": "osm-way-455325502", "name": "Kanjirapally General Hospital", "facility_type": "district_hospital", "sector": "government", "state": "Kerala", "district": "Kottayam", "block": null, "address_raw": "", "geocode_precision": "exact", "services": [], "services_raw": "amenity=hospital; healthcare=hospital", "source": "OpenStreetMap / Overpass", "source_url": "https://www.openstreetmap.org/way/455325502", "retrieved_at": "2026-09-22T17:24:13Z"}, "geometry": {"type": "Point", "coordinates": [76.7800341, 9.5597991]}}, {"type": "Feature", "properties": {"id": "osm-way-456191702", "name": "Kadamapuzha Hospital", "facility_type": "private_clinic", "sector": "private", "state": "Kerala", "district": "Kottayam", "block": null, "address_raw": "Kanjirappally - Eikkulam Road, Kanjirapally, 686507", "geocode_precision": "exact", "services": [], "services_raw": "amenity=hospital; healthcare=hospital; healthcare:speciality=general;gynaecology;paediatrics;surgery;internal", "source": "OpenStreetMap / Overpass", "source_url": "https://www.openstreetmap.org/way/456191702", "retrieved_at": "2026-09-22T17:24:13Z"}, "geometry": {"type": "Point", "coordinates": [76.7897037, 9.5561461]}}, {"type": "Feature", "properties": {"id": "osm-way-456619043", "name": "Dr. Thomas Mathai's clinic", "facility_type": "private_clinic", "sector": "private", "state": "Kerala", "district": "Kottayam", "block": null, "address_raw": "", "geocode_precision": "exact", "services": [], "services_raw": "amenity=clinic; healthcare=clinic; healthcare:speciality=orthopaedics", "source": "OpenStreetMap / Overpass", "source_url": "https://www.openstreetmap.org/way/456619043", "retrieved_at": "2026-09-22T17:24:13Z"}, "geometry": {"type": "Point", "coordinates": [76.7733728, 9.5630639]}}, {"type": "Feature", "properties": {"id": "osm-way-460537385", "name": "Government Ayurveda Dispansary", "facility_type": "phc", "sector": "government", "state": "Kerala", "district": "Kottayam", "block": null, "address_raw": "Palakkayam - Thekkethu padi road, Chirakkadavu, 686520", "geocode_precision": "exact", "services": [], "services_raw": "amenity=clinic; healthcare=clinic; healthcare:speciality=general", "source": "OpenStreetMap / Overpass", "source_url": "https://www.openstreetmap.org/way/460537385", "retrieved_at": "2026-09-22T17:24:13Z"}, "geometry": {"type": "Point", "coordinates": [76.7759292, 9.5322515]}}, {"type": "Feature", "properties": {"id": "osm-way-462048950", "name": "Sukhodaya", "facility_type": "private_clinic", "sector": "private", "state": "Kerala", "district": "Kottayam", "block": null, "address_raw": "", "geocode_precision": "exact", "services": [], "services_raw": "amenity=hospital; healthcare=hospital; healthcare:speciality=ayurveda", "source": "OpenStreetMap / Overpass", "source_url": "https://www.openstreetmap.org/way/462048950", "retrieved_at": "2026-09-22T17:24:13Z"}, "geometry": {"type": "Point", "coordinates": [76.7833764, 9.5628798]}}, {"type": "Feature", "properties": {"id": "osm-way-463354076", "name": "Taluk Headquarters Hospital Pampady", "facility_type": "district_hospital", "sector": "government", "state": "Kerala", "district": "Kottayam", "block": null, "address_raw": "Kollam - Theni Highway, pampady, 686502", "geocode_precision": "exact", "services": [], "services_raw": "amenity=hospital; healthcare=hospital", "source": "OpenStreetMap / Overpass", "source_url": "https://www.openstreetmap.org/way/463354076", "retrieved_at": "2026-09-22T17:24:13Z"}, "geometry": {"type": "Point", "coordinates": [76.6456118, 9.56557]}}, {"type": "Feature", "properties": {"id": "osm-way-473682436", "name": "Mary Matha Hospital", "facility_type": "private_clinic", "sector": "private", "state": "Kerala", "district": "Kottayam", "block": null, "address_raw": "NH183, Kanjirapally", "geocode_precision": "exact", "services": [], "services_raw": "amenity=hospital; healthcare=hospital; healthcare:speciality=general;gynaecology", "source": "OpenStreetMap / Overpass", "source_url": "https://www.openstreetmap.org/way/473682436", "retrieved_at": "2026-09-22T17:24:13Z"}, "geometry": {"type": "Point", "coordinates": [76.7876323, 9.5534019]}}, {"type": "Feature", "properties": {"id": "osm-way-473682518", "name": "St. Joseph's E.N.T and Eye Hospital", "facility_type": "private_clinic", "sector": "private", "state": "Kerala", "district": "Kottayam", "block": null, "address_raw": "NH183, 686507", "geocode_precision": "exact", "services": [], "services_raw": "amenity=hospital; healthcare=hospital; healthcare:speciality=ophthalmology", "source": "OpenStreetMap / Overpass", "source_url": "https://www.openstreetmap.org/way/473682518", "retrieved_at": "2026-09-22T17:24:13Z"}, "geometry": {"type": "Point", "coordinates": [76.7837727, 9.5565561]}}, {"type": "Feature", "properties": {"id": "osm-way-480049295", "name": "Good Samaritan Hospital", "facility_type": "private_clinic", "sector": "private", "state": "Kerala", "district": "Kottayam", "block": null, "address_raw": "Pala-Ponkunam Road, Ponkunnam, 686506", "geocode_precision": "exact", "services": [], "services_raw": "amenity=hospital", "source": "OpenStreetMap / Overpass", "source_url": "https://www.openstreetmap.org/way/480049295", "retrieved_at": "2026-09-22T17:24:13Z"}, "geometry": {"type": "Point", "coordinates": [76.7414137, 9.5855794]}}, {"type": "Feature", "properties": {"id": "osm-way-490391968", "name": "Mary Queens Mission Hospital", "facility_type": "private_clinic", "sector": "private", "state": "Kerala", "district": "Kottayam", "block": null, "address_raw": "Sabarimala-Kodaikkanal Road", "geocode_precision": "exact", "services": [], "services_raw": "amenity=hospital; healthcare=hospital; healthcare:speciality=general;orthopaedics;gynaecology;surgery;emergency;cardiology;pul;paediatrics;psychiatry;internal", "source": "OpenStreetMap / Overpass", "source_url": "https://www.openstreetmap.org/way/490391968", "retrieved_at": "2026-09-22T17:24:13Z"}, "geometry": {"type": "Point", "coordinates": [76.814008, 9.5580121]}}, {"type": "Feature", "properties": {"id": "osm-way-539472417", "name": "SH Medical Centre", "facility_type": "private_clinic", "sector": "private", "state": "Kerala", "district": "Kottayam", "block": null, "address_raw": "", "geocode_precision": "exact", "services": [], "services_raw": "amenity=hospital; healthcare=hospital", "source": "OpenStreetMap / Overpass", "source_url": "https://www.openstreetmap.org/way/539472417", "retrieved_at": "2026-09-22T17:24:13Z"}, "geometry": {"type": "Point", "coordinates": [76.5292022, 9.5940452]}}, {"type": "Feature", "properties": {"id": "osm-way-619011182", "name": "Caritas Hospital", "facility_type": "private_clinic", "sector": "private", "state": "Kerala", "district": "Kottayam", "block": null, "address_raw": "Old MC Road, Thellakom,Kottayam, 686630", "geocode_precision": "exact", "services": [], "services_raw": "amenity=hospital; healthcare=hospital", "source": "OpenStreetMap / Overpass", "source_url": "https://www.openstreetmap.org/way/619011182", "retrieved_at": "2026-09-22T17:24:13Z"}, "geometry": {"type": "Point", "coordinates": [76.5502549, 9.6449674]}}, {"type": "Feature", "properties": {"id": "osm-way-619023963", "name": "Taluk Headquarters Hospital Vaikom", "facility_type": "district_hospital", "sector": "government", "state": "Kerala", "district": "Kottayam", "block": null, "address_raw": "vaikom, 686141", "geocode_precision": "exact", "services": [], "services_raw": "amenity=hospital; healthcare=hospital", "source": "OpenStreetMap / Overpass", "source_url": "https://www.openstreetmap.org/way/619023963", "retrieved_at": "2026-09-22T17:24:13Z"}, "geometry": {"type": "Point", "coordinates": [76.3899111, 9.7503494]}}, {"type": "Feature", "properties": {"id": "osm-way-619874574", "name": "Dilip Doctor", "facility_type": "private_clinic", "sector": "private", "state": "Kerala", "district": "Kottayam", "block": null, "address_raw": "", "geocode_precision": "exact", "services": [], "services_raw": "amenity=doctors; healthcare=doctor", "source": "OpenStreetMap / Overpass", "source_url": "https://www.openstreetmap.org/way/619874574", "retrieved_at": "2026-09-22T17:24:13Z"}, "geometry": {"type": "Point", "coordinates": [76.3957838, 9.7736106]}}, {"type": "Feature", "properties": {"id": "osm-way-620275624", "name": "Indo American Hospital", "facility_type": "private_clinic", "sector": "private", "state": "Kerala", "district": "Kottayam", "block": null, "address_raw": "Akkarapadam, Vaikom, 686143", "geocode_precision": "exact", "services": [], "services_raw": "healthcare=hospital", "source": "OpenStreetMap / Overpass", "source_url": "https://www.openstreetmap.org/way/620275624", "retrieved_at": "2026-09-22T17:24:13Z"}, "geometry": {"type": "Point", "coordinates": [76.3769856, 9.7909967]}}, {"type": "Feature", "properties": {"id": "osm-way-620306616", "name": "Primary Health Center, T V Puram", "facility_type": "private_clinic", "sector": "private", "state": "Kerala", "district": "Kottayam", "block": null, "address_raw": "", "geocode_precision": "exact", "services": [], "services_raw": "amenity=hospital; healthcare=hospital", "source": "OpenStreetMap / Overpass", "source_url": "https://www.openstreetmap.org/way/620306616", "retrieved_at": "2026-09-22T17:24:13Z"}, "geometry": {"type": "Point", "coordinates": [76.392205, 9.7120721]}}, {"type": "Feature", "properties": {"id": "osm-way-620312121", "name": "Ayush PHC Homeo Dispensary", "facility_type": "private_clinic", "sector": "private", "state": "Kerala", "district": "Kottayam", "block": null, "address_raw": "", "geocode_precision": "exact", "services": [], "services_raw": "amenity=clinic; healthcare=clinic", "source": "OpenStreetMap / Overpass", "source_url": "https://www.openstreetmap.org/way/620312121", "retrieved_at": "2026-09-22T17:24:13Z"}, "geometry": {"type": "Point", "coordinates": [76.3989778, 9.7156213]}}, {"type": "Feature", "properties": {"id": "osm-way-623493024", "name": "Aradhana Hospital", "facility_type": "private_clinic", "sector": "private", "state": "Kerala", "district": "Kottayam", "block": null, "address_raw": "Vechur Bund Road", "geocode_precision": "exact", "services": [], "services_raw": "amenity=hospital; healthcare=hospital", "source": "OpenStreetMap / Overpass", "source_url": "https://www.openstreetmap.org/way/623493024", "retrieved_at": "2026-09-22T17:24:13Z"}, "geometry": {"type": "Point", "coordinates": [76.4193329, 9.7010558]}}, {"type": "Feature", "properties": {"id": "osm-way-625948701", "name": "St. George Hospital, Payarukad", "facility_type": "private_clinic", "sector": "private", "state": "Kerala", "district": "Kottayam", "block": null, "address_raw": "", "geocode_precision": "exact", "services": [], "services_raw": "amenity=hospital; healthcare=hospital", "source": "OpenStreetMap / Overpass", "source_url": "https://www.openstreetmap.org/way/625948701", "retrieved_at": "2026-09-22T17:24:13Z"}, "geometry": {"type": "Point", "coordinates": [76.4061598, 9.7290322]}}, {"type": "Feature", "properties": {"id": "osm-way-655224473", "name": "Community Health Centre, Koodalloor", "facility_type": "district_hospital", "sector": "government", "state": "Kerala", "district": "Kottayam", "block": null, "address_raw": "Vayala-Koodalloor Market Road, Koodalloor, 686587", "geocode_precision": "exact", "services": [], "services_raw": "amenity=hospital; healthcare=hospital; healthcare:speciality=general", "source": "OpenStreetMap / Overpass", "source_url": "https://www.openstreetmap.org/way/655224473", "retrieved_at": "2026-09-22T17:24:13Z"}, "geometry": {"type": "Point", "coordinates": [76.5878953, 9.7054772]}}, {"type": "Feature", "properties": {"id": "osm-way-682079481", "name": "Primary Health Centre", "facility_type": "private_clinic", "sector": "private", "state": "Kerala", "district": "Kottayam", "block": null, "address_raw": "", "geocode_precision": "exact", "services": [], "services_raw": "healthcare=clinic; healthcare:speciality=general;paediatrics", "source": "OpenStreetMap / Overpass", "source_url": "https://www.openstreetmap.org/way/682079481", "retrieved_at": "2026-09-22T17:24:13Z"}, "geometry": {"type": "Point", "coordinates": [76.775468, 9.6169294]}}, {"type": "Feature", "properties": {"id": "osm-way-682083767", "name": "Assisi Pius XII Clinic", "facility_type": "private_clinic", "sector": "private", "state": "Kerala", "district": "Kottayam", "block": null, "address_raw": "Assisi Blind School Road, kalaketty, 686508", "geocode_precision": "exact", "services": [], "services_raw": "amenity=clinic; healthcare=clinic; healthcare:speciality=general", "source": "OpenStreetMap / Overpass", "source_url": "https://www.openstreetmap.org/way/682083767", "retrieved_at": "2026-09-22T17:24:13Z"}, "geometry": {"type": "Point", "coordinates": [76.775641, 9.6150502]}}, {"type": "Feature", "properties": {"id": "osm-way-684272318", "name": "Dental Specialisation", "facility_type": "private_clinic", "sector": "private", "state": "Kerala", "district": "Kottayam", "block": null, "address_raw": "Eara Kynady Road, Kurichi", "geocode_precision": "exact", "services": [], "services_raw": "amenity=clinic; healthcare=clinic", "source": "OpenStreetMap / Overpass", "source_url": "https://www.openstreetmap.org/way/684272318", "retrieved_at": "2026-09-22T17:24:13Z"}, "geometry": {"type": "Point", "coordinates": [76.5244685, 9.5001736]}}, {"type": "Feature", "properties": {"id": "osm-way-686238557", "name": "District Hospital Kottayam", "facility_type": "district_hospital", "sector": "government", "state": "Kerala", "district": "Kottayam", "block": null, "address_raw": "", "geocode_precision": "exact", "services": [], "services_raw": "amenity=hospital; healthcare=hospital", "source": "OpenStreetMap / Overpass", "source_url": "https://www.openstreetmap.org/way/686238557", "retrieved_at": "2026-09-22T17:24:13Z"}, "geometry": {"type": "Point", "coordinates": [76.5258659, 9.5903999]}}, {"type": "Feature", "properties": {"id": "osm-way-734746806", "name": "St. Thomas Hospital, Chethipuzha", "facility_type": "private_clinic", "sector": "private", "state": "Kerala", "district": "Kottayam", "block": null, "address_raw": "", "geocode_precision": "exact", "services": [], "services_raw": "amenity=hospital; healthcare=hospital; healthcare:speciality=oncology;emergency;cardiology;general", "source": "OpenStreetMap / Overpass", "source_url": "https://www.openstreetmap.org/way/734746806", "retrieved_at": "2026-09-22T17:24:13Z"}, "geometry": {"type": "Point", "coordinates": [76.5524468, 9.462046]}}, {"type": "Feature", "properties": {"id": "osm-way-736741227", "name": "Govt Hosiptal Mevada", "facility_type": "private_clinic", "sector": "private", "state": "Kerala", "district": "Kottayam", "block": null, "address_raw": "", "geocode_precision": "exact", "services": [], "services_raw": "amenity=hospital; healthcare=hospital", "source": "OpenStreetMap / Overpass", "source_url": "https://www.openstreetmap.org/way/736741227", "retrieved_at": "2026-09-22T17:24:13Z"}, "geometry": {"type": "Point", "coordinates": [76.667902, 9.6722581]}}, {"type": "Feature", "properties": {"id": "osm-way-742520134", "name": "Mar Geevarghese Dionysius Memorial Hospital", "facility_type": "private_clinic", "sector": "private", "state": "Kerala", "district": "Kottayam", "block": null, "address_raw": "", "geocode_precision": "exact", "services": [], "services_raw": "amenity=hospital; healthcare=hospital", "source": "OpenStreetMap / Overpass", "source_url": "https://www.openstreetmap.org/way/742520134", "retrieved_at": "2026-09-22T17:24:13Z"}, "geometry": {"type": "Point", "coordinates": [76.6731549, 9.5293116]}}, {"type": "Feature", "properties": {"id": "osm-way-742748967", "name": "community health centre, paika", "facility_type": "district_hospital", "sector": "government", "state": "Kerala", "district": "Kottayam", "block": null, "address_raw": "Pala-Ponkunam Road, Paika, 686577", "geocode_precision": "exact", "services": [], "services_raw": "amenity=hospital; healthcare=hospital", "source": "OpenStreetMap / Overpass", "source_url": "https://www.openstreetmap.org/way/742748967", "retrieved_at": "2026-09-22T17:24:13Z"}, "geometry": {"type": "Point", "coordinates": [76.7245188, 9.6516027]}}, {"type": "Feature", "properties": {"id": "osm-way-743182194", "name": "Thengana Medical Mission Hospital and Research Centre", "facility_type": "private_clinic", "sector": "private", "state": "Kerala", "district": "Kottayam", "block": null, "address_raw": "Changanassery- Vazhoor Road, 686536", "geocode_precision": "exact", "services": [], "services_raw": "amenity=hospital; healthcare=hospital", "source": "OpenStreetMap / Overpass", "source_url": "https://www.openstreetmap.org/way/743182194", "retrieved_at": "2026-09-22T17:24:13Z"}, "geometry": {"type": "Point", "coordinates": [76.5799458, 9.476505]}}, {"type": "Feature", "properties": {"id": "osm-way-743624952", "name": "Government Homeo Clinic", "facility_type": "private_clinic", "sector": "private", "state": "Kerala", "district": "Kottayam", "block": null, "address_raw": "", "geocode_precision": "exact", "services": [], "services_raw": "amenity=clinic; healthcare=clinic", "source": "OpenStreetMap / Overpass", "source_url": "https://www.openstreetmap.org/way/743624952", "retrieved_at": "2026-09-22T17:24:13Z"}, "geometry": {"type": "Point", "coordinates": [76.725428, 9.4723549]}}, {"type": "Feature", "properties": {"id": "osm-way-744253296", "name": "Community Health Centre, Koottickal", "facility_type": "district_hospital", "sector": "government", "state": "Kerala", "district": "Kottayam", "block": null, "address_raw": "thalunkal road, Koottickal, 686514", "geocode_precision": "exact", "services": [], "services_raw": "amenity=hospital; healthcare=hospital", "source": "OpenStreetMap / Overpass", "source_url": "https://www.openstreetmap.org/way/744253296", "retrieved_at": "2026-09-22T17:24:13Z"}, "geometry": {"type": "Point", "coordinates": [76.8855684, 9.5850206]}}, {"type": "Feature", "properties": {"id": "osm-way-744317096", "name": "Community Health Centre - Kadaplamattom", "facility_type": "district_hospital", "sector": "government", "state": "Kerala", "district": "Kottayam", "block": null, "address_raw": "Palayam - Kadaplamatom, Kadaplamattom, 686571", "geocode_precision": "exact", "services": [], "services_raw": "amenity=hospital; healthcare=hospital", "source": "OpenStreetMap / Overpass", "source_url": "https://www.openstreetmap.org/way/744317096", "retrieved_at": "2026-09-22T17:24:13Z"}, "geometry": {"type": "Point", "coordinates": [76.6104572, 9.7163909]}}, {"type": "Feature", "properties": {"id": "osm-way-786184750", "name": "Homeo Primary Health Centre", "facility_type": "private_clinic", "sector": "private", "state": "Kerala", "district": "Kottayam", "block": null, "address_raw": "686574", "geocode_precision": "exact", "services": [], "services_raw": "amenity=clinic; healthcare=clinic", "source": "OpenStreetMap / Overpass", "source_url": "https://www.openstreetmap.org/way/786184750", "retrieved_at": "2026-09-22T17:24:13Z"}, "geometry": {"type": "Point", "coordinates": [76.6901438, 9.8075772]}}, {"type": "Feature", "properties": {"id": "osm-way-788439994", "name": "N.S.S Medical Mission Hospital,Karukachal", "facility_type": "private_clinic", "sector": "private", "state": "Kerala", "district": "Kottayam", "block": null, "address_raw": "", "geocode_precision": "exact", "services": [], "services_raw": "amenity=hospital; healthcare=hospital", "source": "OpenStreetMap / Overpass", "source_url": "https://www.openstreetmap.org/way/788439994", "retrieved_at": "2026-09-22T17:24:13Z"}, "geometry": {"type": "Point", "coordinates": [76.6334897, 9.4992323]}}, {"type": "Feature", "properties": {"id": "osm-way-788440002", "name": "Mercy Nursing Home,Karukachal", "facility_type": "private_clinic", "sector": "private", "state": "Kerala", "district": "Kottayam", "block": null, "address_raw": "", "geocode_precision": "exact", "services": [], "services_raw": "amenity=hospital; healthcare=hospital", "source": "OpenStreetMap / Overpass", "source_url": "https://www.openstreetmap.org/way/788440002", "retrieved_at": "2026-09-22T17:24:13Z"}, "geometry": {"type": "Point", "coordinates": [76.6402334, 9.5041608]}}, {"type": "Feature", "properties": {"id": "osm-way-790651119", "name": "Fathima Matha Convent, Physiotherapy and Skin Care Center", "facility_type": "private_clinic", "sector": "private", "state": "Kerala", "district": "Kottayam", "block": null, "address_raw": "MC Road, Nagampadam, Kottayam, 686001", "geocode_precision": "exact", "services": [], "services_raw": "amenity=clinic; healthcare=clinic; healthcare:speciality=dermatology", "source": "OpenStreetMap / Overpass", "source_url": "https://www.openstreetmap.org/way/790651119", "retrieved_at": "2026-09-22T17:24:13Z"}, "geometry": {"type": "Point", "coordinates": [76.5247574, 9.5980087]}}, {"type": "Feature", "properties": {"id": "osm-way-791403418", "name": "Puthiyedom Hospital, Poovarany", "facility_type": "private_clinic", "sector": "private", "state": "Kerala", "district": "Kottayam", "block": null, "address_raw": "", "geocode_precision": "exact", "services": [], "services_raw": "amenity=hospital; healthcare=hospital", "source": "OpenStreetMap / Overpass", "source_url": "https://www.openstreetmap.org/way/791403418", "retrieved_at": "2026-09-22T17:24:13Z"}, "geometry": {"type": "Point", "coordinates": [76.7078231, 9.6671122]}}, {"type": "Feature", "properties": {"id": "osm-way-795690252", "name": "Vypana Dental Clinic", "facility_type": "private_clinic", "sector": "private", "state": "Kerala", "district": "Kottayam", "block": null, "address_raw": "", "geocode_precision": "exact", "services": [], "services_raw": "amenity=clinic; healthcare=clinic", "source": "OpenStreetMap / Overpass", "source_url": "https://www.openstreetmap.org/way/795690252", "retrieved_at": "2026-09-22T17:24:13Z"}, "geometry": {"type": "Point", "coordinates": [76.6892812, 9.7144938]}}, {"type": "Feature", "properties": {"id": "osm-way-798087227", "name": "Government Homeo Medical College", "facility_type": "private_clinic", "sector": "private", "state": "Kerala", "district": "Kottayam", "block": null, "address_raw": "", "geocode_precision": "exact", "services": [], "services_raw": "amenity=hospital; healthcare=hospital", "source": "OpenStreetMap / Overpass", "source_url": "https://www.openstreetmap.org/way/798087227", "retrieved_at": "2026-09-22T17:24:13Z"}, "geometry": {"type": "Point", "coordinates": [76.5328795, 9.5056534]}}, {"type": "Feature", "properties": {"id": "osm-way-798306578", "name": "Kangazha Ayurveda Vaidyasala", "facility_type": "private_clinic", "sector": "private", "state": "Kerala", "district": "Kottayam", "block": null, "address_raw": "Karukachal - Manimala Road", "geocode_precision": "exact", "services": [], "services_raw": "amenity=clinic; healthcare=clinic", "source": "OpenStreetMap / Overpass", "source_url": "https://www.openstreetmap.org/way/798306578", "retrieved_at": "2026-09-22T17:24:13Z"}, "geometry": {"type": "Point", "coordinates": [76.6938639, 9.508928]}}, {"type": "Feature", "properties": {"id": "osm-way-798318243", "name": "Unnamed mapped hospital", "facility_type": "private_clinic", "sector": "private", "state": "Kerala", "district": "Kottayam", "block": null, "address_raw": "", "geocode_precision": "exact", "services": [], "services_raw": "amenity=hospital; healthcare=hospital", "source": "OpenStreetMap / Overpass", "source_url": "https://www.openstreetmap.org/way/798318243", "retrieved_at": "2026-09-22T17:24:13Z"}, "geometry": {"type": "Point", "coordinates": [76.5528212, 9.4623189]}}, {"type": "Feature", "properties": {"id": "osm-way-798333505", "name": "arya vaidyashala", "facility_type": "private_clinic", "sector": "private", "state": "Kerala", "district": "Kottayam", "block": null, "address_raw": "", "geocode_precision": "exact", "services": [], "services_raw": "amenity=doctors; healthcare=doctor", "source": "OpenStreetMap / Overpass", "source_url": "https://www.openstreetmap.org/way/798333505", "retrieved_at": "2026-09-22T17:24:13Z"}, "geometry": {"type": "Point", "coordinates": [76.757664, 9.5641163]}}, {"type": "Feature", "properties": {"id": "osm-way-798445619", "name": "Life Homeo Clinic", "facility_type": "private_clinic", "sector": "private", "state": "Kerala", "district": "Kottayam", "block": null, "address_raw": "", "geocode_precision": "exact", "services": [], "services_raw": "amenity=clinic; healthcare=clinic", "source": "OpenStreetMap / Overpass", "source_url": "https://www.openstreetmap.org/way/798445619", "retrieved_at": "2026-09-22T17:24:13Z"}, "geometry": {"type": "Point", "coordinates": [76.7667398, 9.5644818]}}, {"type": "Feature", "properties": {"id": "osm-way-798614835", "name": "Unnamed mapped clinic", "facility_type": "private_clinic", "sector": "private", "state": "Kerala", "district": "Kottayam", "block": null, "address_raw": "Karukachal - Manimala Road, pathanadu, 686541", "geocode_precision": "exact", "services": [], "services_raw": "amenity=clinic; healthcare=clinic", "source": "OpenStreetMap / Overpass", "source_url": "https://www.openstreetmap.org/way/798614835", "retrieved_at": "2026-09-22T17:24:13Z"}, "geometry": {"type": "Point", "coordinates": [76.6932326, 9.5094993]}}, {"type": "Feature", "properties": {"id": "osm-way-798618304", "name": "Unnamed mapped clinic", "facility_type": "private_clinic", "sector": "private", "state": "Kerala", "district": "Kottayam", "block": null, "address_raw": "Pathanad - Kulathoormoozhy Road, pathanadu", "geocode_precision": "exact", "services": [], "services_raw": "amenity=clinic; healthcare=clinic", "source": "OpenStreetMap / Overpass", "source_url": "https://www.openstreetmap.org/way/798618304", "retrieved_at": "2026-09-22T17:24:13Z"}, "geometry": {"type": "Point", "coordinates": [76.6944098, 9.5087093]}}, {"type": "Feature", "properties": {"id": "osm-way-798755029", "name": "Dr. Kozy Medical Center", "facility_type": "private_clinic", "sector": "private", "state": "Kerala", "district": "Kottayam", "block": null, "address_raw": "Nedumkunnam Manthuruthy road, Nedumkunnam", "geocode_precision": "exact", "services": [], "services_raw": "amenity=clinic; healthcare=clinic; healthcare:speciality=general", "source": "OpenStreetMap / Overpass", "source_url": "https://www.openstreetmap.org/way/798755029", "retrieved_at": "2026-09-22T17:24:13Z"}, "geometry": {"type": "Point", "coordinates": [76.6639982, 9.5095141]}}, {"type": "Feature", "properties": {"id": "osm-way-798812703", "name": "Dr praveens dental cosmetic center", "facility_type": "private_clinic", "sector": "private", "state": "Kerala", "district": "Kottayam", "block": null, "address_raw": "NH220, Manarcadu, kottayam, 6860019", "geocode_precision": "exact", "services": [], "services_raw": "healthcare=clinic; healthcare:speciality=dentistry", "source": "OpenStreetMap / Overpass", "source_url": "https://www.openstreetmap.org/way/798812703", "retrieved_at": "2026-09-22T17:24:13Z"}, "geometry": {"type": "Point", "coordinates": [76.5823358, 9.5885832]}}, {"type": "Feature", "properties": {"id": "osm-way-798812709", "name": "St. Mary's Hospital Doctor's Quarters", "facility_type": "private_clinic", "sector": "private", "state": "Kerala", "district": "Kottayam", "block": null, "address_raw": "kidangoor-Ayarkunnam-Manarcadu Road, Manarcadu,Kottayam, 6860019", "geocode_precision": "exact", "services": [], "services_raw": "healthcare=doctor; healthcare:speciality=general", "source": "OpenStreetMap / Overpass", "source_url": "https://www.openstreetmap.org/way/798812709", "retrieved_at": "2026-09-22T17:24:13Z"}, "geometry": {"type": "Point", "coordinates": [76.5849124, 9.5984319]}}, {"type": "Feature", "properties": {"id": "osm-way-798895346", "name": "CHC, THOTTAKADU", "facility_type": "district_hospital", "sector": "government", "state": "Kerala", "district": "Kottayam", "block": null, "address_raw": "Kottayam-Kozhencherry Highway, Thottacadu,Kottayam, 686539", "geocode_precision": "exact", "services": [], "services_raw": "amenity=hospital; healthcare=hospital", "source": "OpenStreetMap / Overpass", "source_url": "https://www.openstreetmap.org/way/798895346", "retrieved_at": "2026-09-22T17:24:13Z"}, "geometry": {"type": "Point", "coordinates": [76.601663, 9.5346358]}}, {"type": "Feature", "properties": {"id": "osm-way-798945553", "name": "Homeopathic Care Centre", "facility_type": "private_clinic", "sector": "private", "state": "Kerala", "district": "Kottayam", "block": null, "address_raw": "Kottayam-Puthuppally Road, Puthuppally,Kottayam, 686011", "geocode_precision": "exact", "services": [], "services_raw": "amenity=clinic; healthcare=clinic; healthcare:speciality=general", "source": "OpenStreetMap / Overpass", "source_url": "https://www.openstreetmap.org/way/798945553", "retrieved_at": "2026-09-22T17:24:13Z"}, "geometry": {"type": "Point", "coordinates": [76.5719768, 9.5594335]}}, {"type": "Feature", "properties": {"id": "osm-way-799030546", "name": "Ahalia Foundation eye hospital", "facility_type": "private_clinic", "sector": "private", "state": "Kerala", "district": "Kottayam", "block": null, "address_raw": "MC Road, Thellakom", "geocode_precision": "exact", "services": [], "services_raw": "amenity=hospital; healthcare=hospital; healthcare:speciality=ophthalmology", "source": "OpenStreetMap / Overpass", "source_url": "https://www.openstreetmap.org/way/799030546", "retrieved_at": "2026-09-22T17:24:13Z"}, "geometry": {"type": "Point", "coordinates": [76.5508525, 9.6514443]}}, {"type": "Feature", "properties": {"id": "osm-way-799119025", "name": "Obstetrics and Gynaecology Institute.", "facility_type": "private_clinic", "sector": "private", "state": "Kerala", "district": "Kottayam", "block": null, "address_raw": "Gandhi Nagar, Arpookkara, Kottayam, 686008", "geocode_precision": "exact", "services": [], "services_raw": "amenity=hospital; healthcare=hospital", "source": "OpenStreetMap / Overpass", "source_url": "https://www.openstreetmap.org/way/799119025", "retrieved_at": "2026-09-22T17:24:13Z"}, "geometry": {"type": "Point", "coordinates": [76.519512, 9.6340983]}}, {"type": "Feature", "properties": {"id": "osm-way-799119039", "name": "24*7 Primary Health centre, Athirampuzha", "facility_type": "district_hospital", "sector": "government", "state": "Kerala", "district": "Kottayam", "block": null, "address_raw": "Nalpathimala road, Athirampuzha, 686562", "geocode_precision": "exact", "services": [], "services_raw": "amenity=hospital; healthcare=hospital", "source": "OpenStreetMap / Overpass", "source_url": "https://www.openstreetmap.org/way/799119039", "retrieved_at": "2026-09-22T17:24:13Z"}, "geometry": {"type": "Point", "coordinates": [76.5403371, 9.6658517]}}, {"type": "Feature", "properties": {"id": "osm-way-799156427", "name": "Dr Alex Thomas Pediatrician", "facility_type": "private_clinic", "sector": "private", "state": "Kerala", "district": "Kottayam", "block": null, "address_raw": "", "geocode_precision": "exact", "services": [], "services_raw": "amenity=hospital; healthcare=hospital", "source": "OpenStreetMap / Overpass", "source_url": "https://www.openstreetmap.org/way/799156427", "retrieved_at": "2026-09-22T17:24:13Z"}, "geometry": {"type": "Point", "coordinates": [76.4363331, 9.783481]}}, {"type": "Feature", "properties": {"id": "osm-way-799270607", "name": "Institute of Child Health and Childrens Hospital Kottayam", "facility_type": "district_hospital", "sector": "government", "state": "Kerala", "district": "Kottayam", "block": null, "address_raw": "Gandhi Nagar, Ettumanur,Kottayam, 686561", "geocode_precision": "exact", "services": [], "services_raw": "amenity=hospital; healthcare=hospital", "source": "OpenStreetMap / Overpass", "source_url": "https://www.openstreetmap.org/way/799270607", "retrieved_at": "2026-09-22T17:24:13Z"}, "geometry": {"type": "Point", "coordinates": [76.5308387, 9.6416422]}}, {"type": "Feature", "properties": {"id": "osm-way-799279209", "name": "gowrisa eye hospital", "facility_type": "private_clinic", "sector": "private", "state": "Kerala", "district": "Kottayam", "block": null, "address_raw": "", "geocode_precision": "exact", "services": [], "services_raw": "amenity=hospital; healthcare=hospital; healthcare:speciality=ophthalmology", "source": "OpenStreetMap / Overpass", "source_url": "https://www.openstreetmap.org/way/799279209", "retrieved_at": "2026-09-22T17:24:13Z"}, "geometry": {"type": "Point", "coordinates": [76.553904, 9.7085248]}}, {"type": "Feature", "properties": {"id": "osm-way-799279569", "name": "government veterinary hospital", "facility_type": "private_clinic", "sector": "private", "state": "Kerala", "district": "Kottayam", "block": null, "address_raw": "", "geocode_precision": "exact", "services": [], "services_raw": "amenity=hospital; healthcare=hospital; healthcare:speciality=veterinary", "source": "OpenStreetMap / Overpass", "source_url": "https://www.openstreetmap.org/way/799279569", "retrieved_at": "2026-09-22T17:24:13Z"}, "geometry": {"type": "Point", "coordinates": [76.5568073, 9.712461]}}, {"type": "Feature", "properties": {"id": "osm-way-799292350", "name": "Pandarakalam eye clinic", "facility_type": "private_clinic", "sector": "private", "state": "Kerala", "district": "Kottayam", "block": null, "address_raw": "", "geocode_precision": "exact", "services": [], "services_raw": "amenity=clinic; healthcare=clinic; healthcare:speciality=ophthalmology", "source": "OpenStreetMap / Overpass", "source_url": "https://www.openstreetmap.org/way/799292350", "retrieved_at": "2026-09-22T17:24:13Z"}, "geometry": {"type": "Point", "coordinates": [76.5573037, 9.6825254]}}, {"type": "Feature", "properties": {"id": "osm-way-799430592", "name": "General Hospital, kottayam", "facility_type": "district_hospital", "sector": "government", "state": "Kerala", "district": "Kottayam", "block": null, "address_raw": "Hospital Road, Kottayam, 686001", "geocode_precision": "exact", "services": [], "services_raw": "healthcare=hospital", "source": "OpenStreetMap / Overpass", "source_url": "https://www.openstreetmap.org/way/799430592", "retrieved_at": "2026-09-22T17:24:13Z"}, "geometry": {"type": "Point", "coordinates": [76.5260545, 9.5905228]}}, {"type": "Feature", "properties": {"id": "osm-way-799735579", "name": "Primary Health Centre Vakathanam", "facility_type": "district_hospital", "sector": "government", "state": "Kerala", "district": "Kottayam", "block": null, "address_raw": "Njaliakuzhi-Ericade Road, Vakathanam, 686538", "geocode_precision": "exact", "services": [], "services_raw": "amenity=hospital; healthcare=hospital", "source": "OpenStreetMap / Overpass", "source_url": "https://www.openstreetmap.org/way/799735579", "retrieved_at": "2026-09-22T17:24:13Z"}, "geometry": {"type": "Point", "coordinates": [76.5714593, 9.5111579]}}, {"type": "Feature", "properties": {"id": "osm-way-799801652", "name": "Myladikkara Government Homoeo Dispensary", "facility_type": "private_clinic", "sector": "private", "state": "Kerala", "district": "Kottayam", "block": null, "address_raw": "686503", "geocode_precision": "exact", "services": [], "services_raw": "amenity=clinic; healthcare=clinic", "source": "OpenStreetMap / Overpass", "source_url": "https://www.openstreetmap.org/way/799801652", "retrieved_at": "2026-09-22T17:24:13Z"}, "geometry": {"type": "Point", "coordinates": [76.6809159, 9.5873714]}}, {"type": "Feature", "properties": {"id": "osm-way-799839312", "name": "Primary Health Care Centre, Pallikathode", "facility_type": "private_clinic", "sector": "private", "state": "Kerala", "district": "Kottayam", "block": null, "address_raw": "", "geocode_precision": "exact", "services": [], "services_raw": "amenity=hospital; healthcare=hospital", "source": "OpenStreetMap / Overpass", "source_url": "https://www.openstreetmap.org/way/799839312", "retrieved_at": "2026-09-22T17:24:13Z"}, "geometry": {"type": "Point", "coordinates": [76.6742364, 9.5954751]}}, {"type": "Feature", "properties": {"id": "osm-way-800465061", "name": "24*7 , Primary Health Centre, Aymanam", "facility_type": "district_hospital", "sector": "government", "state": "Kerala", "district": "Kottayam", "block": null, "address_raw": "Aymanam, 686008", "geocode_precision": "exact", "services": [], "services_raw": "amenity=hospital; healthcare=clinic", "source": "OpenStreetMap / Overpass", "source_url": "https://www.openstreetmap.org/way/800465061", "retrieved_at": "2026-09-22T17:24:13Z"}, "geometry": {"type": "Point", "coordinates": [76.4813889, 9.6313817]}}, {"type": "Feature", "properties": {"id": "osm-way-800688910", "name": "Primary Health Centre, Meenadom", "facility_type": "district_hospital", "sector": "government", "state": "Kerala", "district": "Kottayam", "block": null, "address_raw": "Vettathukavala-Meenadom Road, meenadom, 686516", "geocode_precision": "exact", "services": [], "services_raw": "amenity=hospital; healthcare=hospital", "source": "OpenStreetMap / Overpass", "source_url": "https://www.openstreetmap.org/way/800688910", "retrieved_at": "2026-09-22T17:24:13Z"}, "geometry": {"type": "Point", "coordinates": [76.6168936, 9.5509082]}}, {"type": "Feature", "properties": {"id": "osm-way-800689746", "name": "Primary Health Centre,Onamthuruthu", "facility_type": "district_hospital", "sector": "government", "state": "Kerala", "district": "Kottayam", "block": null, "address_raw": "", "geocode_precision": "exact", "services": [], "services_raw": "amenity=hospital; healthcare=hospital", "source": "OpenStreetMap / Overpass", "source_url": "https://www.openstreetmap.org/way/800689746", "retrieved_at": "2026-09-22T17:24:13Z"}, "geometry": {"type": "Point", "coordinates": [76.5157203, 9.6881283]}}, {"type": "Feature", "properties": {"id": "osm-way-800691476", "name": "Primary Health Centre, Karoor", "facility_type": "district_hospital", "sector": "government", "state": "Kerala", "district": "Kottayam", "block": null, "address_raw": "", "geocode_precision": "exact", "services": [], "services_raw": "amenity=hospital; healthcare=hospital", "source": "OpenStreetMap / Overpass", "source_url": "https://www.openstreetmap.org/way/800691476", "retrieved_at": "2026-09-22T17:24:13Z"}, "geometry": {"type": "Point", "coordinates": [76.6809214, 9.7588663]}}, {"type": "Feature", "properties": {"id": "osm-way-800691661", "name": "PHC Mutholy", "facility_type": "district_hospital", "sector": "government", "state": "Kerala", "district": "Kottayam", "block": null, "address_raw": "Mutholy - Kodungoor Road, mutholy, 686573", "geocode_precision": "exact", "services": [], "services_raw": "amenity=hospital; healthcare=hospital", "source": "OpenStreetMap / Overpass", "source_url": "https://www.openstreetmap.org/way/800691661", "retrieved_at": "2026-09-22T17:24:13Z"}, "geometry": {"type": "Point", "coordinates": [76.6625096, 9.6880681]}}, {"type": "Feature", "properties": {"id": "osm-way-800696135", "name": "Primary Health Centre, Vellavoor", "facility_type": "district_hospital", "sector": "government", "state": "Kerala", "district": "Kottayam", "block": null, "address_raw": "", "geocode_precision": "exact", "services": [], "services_raw": "amenity=hospital; healthcare=hospital", "source": "OpenStreetMap / Overpass", "source_url": "https://www.openstreetmap.org/way/800696135", "retrieved_at": "2026-09-22T17:24:13Z"}, "geometry": {"type": "Point", "coordinates": [76.720685, 9.4880854]}}, {"type": "Feature", "properties": {"id": "osm-way-800696641", "name": "G.V Raja PHC Poonjar", "facility_type": "district_hospital", "sector": "government", "state": "Kerala", "district": "Kottayam", "block": null, "address_raw": "bank road, Poonjar, 686581", "geocode_precision": "exact", "services": [], "services_raw": "amenity=hospital; healthcare=hospital; healthcare:speciality=general", "source": "OpenStreetMap / Overpass", "source_url": "https://www.openstreetmap.org/way/800696641", "retrieved_at": "2026-09-22T17:24:13Z"}, "geometry": {"type": "Point", "coordinates": [76.795459, 9.6749229]}}, {"type": "Feature", "properties": {"id": "osm-way-800697040", "name": "PHC Nedumkunnam", "facility_type": "district_hospital", "sector": "government", "state": "Kerala", "district": "Kottayam", "block": null, "address_raw": "Nedumkunnam Primary Health Center  Nedumkunnam, Kottayam, Nedumkunnam, Kottayam, NEDUMKUNNAM, 686542", "geocode_precision": "exact", "services": [], "services_raw": "amenity=hospital; healthcare=hospital", "source": "OpenStreetMap / Overpass", "source_url": "https://www.openstreetmap.org/way/800697040", "retrieved_at": "2026-09-22T17:24:13Z"}, "geometry": {"type": "Point", "coordinates": [76.6688219, 9.5116182]}}, {"type": "Feature", "properties": {"id": "osm-way-800697480", "name": "Primary Health Centre, Thalanad", "facility_type": "district_hospital", "sector": "government", "state": "Kerala", "district": "Kottayam", "block": null, "address_raw": "Thalanad Adukkam Road, Thalanadu, 686586", "geocode_precision": "exact", "services": [], "services_raw": "amenity=hospital; healthcare=hospital", "source": "OpenStreetMap / Overpass", "source_url": "https://www.openstreetmap.org/way/800697480", "retrieved_at": "2026-09-22T17:24:13Z"}, "geometry": {"type": "Point", "coordinates": [76.8202233, 9.7251615]}}, {"type": "Feature", "properties": {"id": "osm-way-800697885", "name": "Family Health Centre, Moonilavu", "facility_type": "district_hospital", "sector": "government", "state": "Kerala", "district": "Kottayam", "block": null, "address_raw": "Edamaruku - Moonnilav road, Moonnilavu, 686586", "geocode_precision": "exact", "services": [], "services_raw": "amenity=hospital; healthcare=hospital", "source": "OpenStreetMap / Overpass", "source_url": "https://www.openstreetmap.org/way/800697885", "retrieved_at": "2026-09-22T17:24:13Z"}, "geometry": {"type": "Point", "coordinates": [76.782325, 9.7485501]}}, {"type": "Feature", "properties": {"id": "osm-way-800697902", "name": "Primary Health Centre, Teekoy", "facility_type": "district_hospital", "sector": "government", "state": "Kerala", "district": "Kottayam", "block": null, "address_raw": "Erattupetta-Peermade Road", "geocode_precision": "exact", "services": [], "services_raw": "amenity=hospital; healthcare=hospital", "source": "OpenStreetMap / Overpass", "source_url": "https://www.openstreetmap.org/way/800697902", "retrieved_at": "2026-09-22T17:24:13Z"}, "geometry": {"type": "Point", "coordinates": [76.8169141, 9.6994489]}}, {"type": "Feature", "properties": {"id": "osm-way-800699749", "name": "PHC Primary Health Center, Narianganam Thalappalam", "facility_type": "district_hospital", "sector": "government", "state": "Kerala", "district": "Kottayam", "block": null, "address_raw": "", "geocode_precision": "exact", "services": [], "services_raw": "amenity=hospital; healthcare=hospital", "source": "OpenStreetMap / Overpass", "source_url": "https://www.openstreetmap.org/way/800699749", "retrieved_at": "2026-09-22T17:24:13Z"}, "geometry": {"type": "Point", "coordinates": [76.7392773, 9.7270666]}}, {"type": "Feature", "properties": {"id": "osm-way-800700470", "name": "Primary Health Center, Kalaketty", "facility_type": "district_hospital", "sector": "government", "state": "Kerala", "district": "Kottayam", "block": null, "address_raw": "", "geocode_precision": "exact", "services": [], "services_raw": "amenity=hospital; healthcare=hospital", "source": "OpenStreetMap / Overpass", "source_url": "https://www.openstreetmap.org/way/800700470", "retrieved_at": "2026-09-22T17:24:13Z"}, "geometry": {"type": "Point", "coordinates": [76.7754381, 9.617075]}}, {"type": "Feature", "properties": {"id": "osm-way-800702161", "name": "Primary Health Centre, Parathanam", "facility_type": "district_hospital", "sector": "government", "state": "Kerala", "district": "Kottayam", "block": null, "address_raw": "686512", "geocode_precision": "exact", "services": [], "services_raw": "amenity=hospital; healthcare=hospital", "source": "OpenStreetMap / Overpass", "source_url": "https://www.openstreetmap.org/way/800702161", "retrieved_at": "2026-09-22T17:24:13Z"}, "geometry": {"type": "Point", "coordinates": [76.8667299, 9.5788843]}}, {"type": "Feature", "properties": {"id": "osm-way-800702963", "name": "PHC Kattampak", "facility_type": "district_hospital", "sector": "government", "state": "Kerala", "district": "Kottayam", "block": null, "address_raw": "kattampak church road, kottayam", "geocode_precision": "exact", "services": [], "services_raw": "amenity=hospital; healthcare=hospital", "source": "OpenStreetMap / Overpass", "source_url": "https://www.openstreetmap.org/way/800702963", "retrieved_at": "2026-09-22T17:24:13Z"}, "geometry": {"type": "Point", "coordinates": [76.5365159, 9.7816304]}}, {"type": "Feature", "properties": {"id": "osm-way-800704560", "name": "P H C Kallara", "facility_type": "district_hospital", "sector": "government", "state": "Kerala", "district": "Kottayam", "block": null, "address_raw": "", "geocode_precision": "exact", "services": [], "services_raw": "amenity=hospital; healthcare=hospital", "source": "OpenStreetMap / Overpass", "source_url": "https://www.openstreetmap.org/way/800704560", "retrieved_at": "2026-09-22T17:24:13Z"}, "geometry": {"type": "Point", "coordinates": [76.4773499, 9.7238209]}}, {"type": "Feature", "properties": {"id": "osm-way-800704999", "name": "Primary Health Centre, Erattupetta", "facility_type": "district_hospital", "sector": "government", "state": "Kerala", "district": "Kottayam", "block": null, "address_raw": "Erattupetta - Poovathodu Road, kottayam, 686121", "geocode_precision": "exact", "services": [], "services_raw": "amenity=hospital; healthcare=hospital", "source": "OpenStreetMap / Overpass", "source_url": "https://www.openstreetmap.org/way/800704999", "retrieved_at": "2026-09-22T17:24:13Z"}, "geometry": {"type": "Point", "coordinates": [76.7726586, 9.684205]}}, {"type": "Feature", "properties": {"id": "osm-way-800705802", "name": "Family Health Center, Manimala", "facility_type": "district_hospital", "sector": "government", "state": "Kerala", "district": "Kottayam", "block": null, "address_raw": "Minor residential road, Karikkattoor, 686544", "geocode_precision": "exact", "services": [], "services_raw": "healthcare=hospital", "source": "OpenStreetMap / Overpass", "source_url": "https://www.openstreetmap.org/way/800705802", "retrieved_at": "2026-09-22T17:24:13Z"}, "geometry": {"type": "Point", "coordinates": [76.7644206, 9.4834156]}}, {"type": "Feature", "properties": {"id": "osm-way-800711137", "name": "Family Health Centre, Kooropada", "facility_type": "district_hospital", "sector": "government", "state": "Kerala", "district": "Kottayam", "block": null, "address_raw": "kooroppada, kooroppada, 686502", "geocode_precision": "exact", "services": [], "services_raw": "amenity=hospital; healthcare=hospital", "source": "OpenStreetMap / Overpass", "source_url": "https://www.openstreetmap.org/way/800711137", "retrieved_at": "2026-09-22T17:24:13Z"}, "geometry": {"type": "Point", "coordinates": [76.650235, 9.6117902]}}, {"type": "Feature", "properties": {"id": "osm-way-800720661", "name": "Primary Health Centre, Meenachil", "facility_type": "district_hospital", "sector": "government", "state": "Kerala", "district": "Kottayam", "block": null, "address_raw": "kizhaparayar road, kizhaparayar, 686578", "geocode_precision": "exact", "services": [], "services_raw": "amenity=hospital; healthcare=hospital", "source": "OpenStreetMap / Overpass", "source_url": "https://www.openstreetmap.org/way/800720661", "retrieved_at": "2026-09-22T17:24:13Z"}, "geometry": {"type": "Point", "coordinates": [76.710005, 9.6968831]}}, {"type": "Feature", "properties": {"id": "osm-way-800755555", "name": "24*7 Primary Health Centre, Parampuzha", "facility_type": "district_hospital", "sector": "government", "state": "Kerala", "district": "Kottayam", "block": null, "address_raw": "Parampuzha, Nattassery, Kerala 686010, Parambuzha, 686010", "geocode_precision": "exact", "services": [], "services_raw": "amenity=hospital; healthcare=hospital", "source": "OpenStreetMap / Overpass", "source_url": "https://www.openstreetmap.org/way/800755555", "retrieved_at": "2026-09-22T17:24:13Z"}, "geometry": {"type": "Point", "coordinates": [76.5553145, 9.6090807]}}, {"type": "Feature", "properties": {"id": "osm-way-801501571", "name": "Taluk Headquarters Hospital Kuravilangad", "facility_type": "district_hospital", "sector": "government", "state": "Kerala", "district": "Kottayam", "block": null, "address_raw": "kuravilangadu, 686633", "geocode_precision": "exact", "services": [], "services_raw": "amenity=hospital; healthcare=hospital", "source": "OpenStreetMap / Overpass", "source_url": "https://www.openstreetmap.org/way/801501571", "retrieved_at": "2026-09-22T17:24:13Z"}, "geometry": {"type": "Point", "coordinates": [76.5551342, 9.7570105]}}, {"type": "Feature", "properties": {"id": "osm-way-801508283", "name": "Community Health Centre, Ullanadu", "facility_type": "district_hospital", "sector": "government", "state": "Kerala", "district": "Kottayam", "block": null, "address_raw": "Pravithanam Road, Ullanadu, 686651", "geocode_precision": "exact", "services": [], "services_raw": "amenity=hospital; healthcare=hospital", "source": "OpenStreetMap / Overpass", "source_url": "https://www.openstreetmap.org/way/801508283", "retrieved_at": "2026-09-22T17:24:13Z"}, "geometry": {"type": "Point", "coordinates": [76.7212406, 9.7490441]}}, {"type": "Feature", "properties": {"id": "osm-way-801508721", "name": "Community Health Centre, Edayazham", "facility_type": "district_hospital", "sector": "government", "state": "Kerala", "district": "Kottayam", "block": null, "address_raw": "Vechoor - Kallara Road, edayazham, 686144", "geocode_precision": "exact", "services": [], "services_raw": "amenity=hospital; healthcare=hospital", "source": "OpenStreetMap / Overpass", "source_url": "https://www.openstreetmap.org/way/801508721", "retrieved_at": "2026-09-22T17:24:13Z"}, "geometry": {"type": "Point", "coordinates": [76.4203256, 9.6870442]}}, {"type": "Feature", "properties": {"id": "osm-way-801511366", "name": "Primary Health Centre, Thalayolaparambu", "facility_type": "district_hospital", "sector": "government", "state": "Kerala", "district": "Kottayam", "block": null, "address_raw": "PALA-VAIKOM ROAD, Thalayolaparambu, 686605", "geocode_precision": "exact", "services": [], "services_raw": "amenity=hospital; healthcare=hospital", "source": "OpenStreetMap / Overpass", "source_url": "https://www.openstreetmap.org/way/801511366", "retrieved_at": "2026-09-22T17:24:13Z"}, "geometry": {"type": "Point", "coordinates": [76.452432, 9.78171]}}, {"type": "Feature", "properties": {"id": "osm-way-801566564", "name": "PHC Puthuppally", "facility_type": "district_hospital", "sector": "government", "state": "Kerala", "district": "Kottayam", "block": null, "address_raw": "Kottayam-Puthuppally Road, kottayam, 686011", "geocode_precision": "exact", "services": [], "services_raw": "amenity=hospital; healthcare=hospital", "source": "OpenStreetMap / Overpass", "source_url": "https://www.openstreetmap.org/way/801566564", "retrieved_at": "2026-09-22T17:24:13Z"}, "geometry": {"type": "Point", "coordinates": [76.5723163, 9.5552835]}}, {"type": "Feature", "properties": {"id": "osm-way-801576327", "name": "Primary Health Centre, Veliyannoor", "facility_type": "district_hospital", "sector": "government", "state": "Kerala", "district": "Kottayam", "block": null, "address_raw": "Uzhavoor Koothattukulam Road, kottayam, 686634", "geocode_precision": "exact", "services": [], "services_raw": "amenity=hospital; healthcare=hospital", "source": "OpenStreetMap / Overpass", "source_url": "https://www.openstreetmap.org/way/801576327", "retrieved_at": "2026-09-22T17:24:13Z"}, "geometry": {"type": "Point", "coordinates": [76.6085328, 9.8231724]}}, {"type": "Feature", "properties": {"id": "osm-way-801576864", "name": "Primary Health Centre,  Kuruppanthra", "facility_type": "district_hospital", "sector": "government", "state": "Kerala", "district": "Kottayam", "block": null, "address_raw": "Road near Kuruppanthara, kottayam, 686603", "geocode_precision": "exact", "services": [], "services_raw": "amenity=hospital; healthcare=hospital; healthcare:speciality=general", "source": "OpenStreetMap / Overpass", "source_url": "https://www.openstreetmap.org/way/801576864", "retrieved_at": "2026-09-22T17:24:13Z"}, "geometry": {"type": "Point", "coordinates": [76.5078173, 9.7311245]}}, {"type": "Feature", "properties": {"id": "osm-way-801577460", "name": "District TB Centre Kottayam", "facility_type": "district_hospital", "sector": "private", "state": "Kerala", "district": "Kottayam", "block": null, "address_raw": "", "geocode_precision": "exact", "services": [], "services_raw": "amenity=hospital; healthcare=hospital", "source": "OpenStreetMap / Overpass", "source_url": "https://www.openstreetmap.org/way/801577460", "retrieved_at": "2026-09-22T17:24:13Z"}, "geometry": {"type": "Point", "coordinates": [76.5266606, 9.5912214]}}, {"type": "Feature", "properties": {"id": "osm-way-801620298", "name": "Alphonsa Eye Care", "facility_type": "private_clinic", "sector": "private", "state": "Kerala", "district": "Kottayam", "block": null, "address_raw": "", "geocode_precision": "exact", "services": [], "services_raw": "amenity=hospital; healthcare=hospital", "source": "OpenStreetMap / Overpass", "source_url": "https://www.openstreetmap.org/way/801620298", "retrieved_at": "2026-09-22T17:24:13Z"}, "geometry": {"type": "Point", "coordinates": [76.6764402, 9.7088321]}}, {"type": "Feature", "properties": {"id": "osm-way-801942576", "name": "Primary Health Centre, Kattampak", "facility_type": "district_hospital", "sector": "government", "state": "Kerala", "district": "Kottayam", "block": null, "address_raw": "", "geocode_precision": "exact", "services": [], "services_raw": "amenity=hospital; healthcare=hospital", "source": "OpenStreetMap / Overpass", "source_url": "https://www.openstreetmap.org/way/801942576", "retrieved_at": "2026-09-22T17:24:13Z"}, "geometry": {"type": "Point", "coordinates": [76.524768, 9.7799987]}}, {"type": "Feature", "properties": {"id": "osm-way-801943843", "name": "Njeezhoor GOV Homio Dispensary", "facility_type": "private_clinic", "sector": "private", "state": "Kerala", "district": "Kottayam", "block": null, "address_raw": "", "geocode_precision": "exact", "services": [], "services_raw": "amenity=hospital; healthcare=hospital", "source": "OpenStreetMap / Overpass", "source_url": "https://www.openstreetmap.org/way/801943843", "retrieved_at": "2026-09-22T17:24:13Z"}, "geometry": {"type": "Point", "coordinates": [76.5245753, 9.7907309]}}, {"type": "Feature", "properties": {"id": "osm-way-802006031", "name": "Government Homeo and Ayurvedic Hospital Kumarakom", "facility_type": "private_clinic", "sector": "private", "state": "Kerala", "district": "Kottayam", "block": null, "address_raw": "Kumarakom Attipeedika Rd, Athikalam, Kumarakom, 686563", "geocode_precision": "exact", "services": [], "services_raw": "amenity=hospital; healthcare=hospital", "source": "OpenStreetMap / Overpass", "source_url": "https://www.openstreetmap.org/way/802006031", "retrieved_at": "2026-09-22T17:24:13Z"}, "geometry": {"type": "Point", "coordinates": [76.436232, 9.5896628]}}, {"type": "Feature", "properties": {"id": "osm-way-803101079", "name": "Unnamed mapped clinic", "facility_type": "private_clinic", "sector": "private", "state": "Kerala", "district": "Kottayam", "block": null, "address_raw": "", "geocode_precision": "exact", "services": [], "services_raw": "amenity=clinic; healthcare=clinic", "source": "OpenStreetMap / Overpass", "source_url": "https://www.openstreetmap.org/way/803101079", "retrieved_at": "2026-09-22T17:24:13Z"}, "geometry": {"type": "Point", "coordinates": [76.5453092, 9.5326467]}}, {"type": "Feature", "properties": {"id": "osm-way-844003452", "name": "St. Vincents Hospital", "facility_type": "private_clinic", "sector": "private", "state": "Kerala", "district": "Kottayam", "block": null, "address_raw": "", "geocode_precision": "exact", "services": [], "services_raw": "amenity=hospital; healthcare=hospital", "source": "OpenStreetMap / Overpass", "source_url": "https://www.openstreetmap.org/way/844003452", "retrieved_at": "2026-09-22T17:24:13Z"}, "geometry": {"type": "Point", "coordinates": [76.5630162, 9.7513478]}}, {"type": "Feature", "properties": {"id": "osm-way-861163079", "name": "Family Health Centre, Manarcad", "facility_type": "district_hospital", "sector": "government", "state": "Kerala", "district": "Kottayam", "block": null, "address_raw": "Manarcadu-Puthuppally road, Manarcadu, kottayam, 686019", "geocode_precision": "exact", "services": [], "services_raw": "amenity=hospital; healthcare=hospital", "source": "OpenStreetMap / Overpass", "source_url": "https://www.openstreetmap.org/way/861163079", "retrieved_at": "2026-09-22T17:24:13Z"}, "geometry": {"type": "Point", "coordinates": [76.5846501, 9.5843514]}}, {"type": "Feature", "properties": {"id": "osm-way-863803394", "name": "community health centre, Thottakad", "facility_type": "district_hospital", "sector": "government", "state": "Kerala", "district": "Kottayam", "block": null, "address_raw": "Thottakkadu-Kangazha Road, Thottakad, 686539", "geocode_precision": "exact", "services": [], "services_raw": "amenity=hospital; healthcare=hospital", "source": "OpenStreetMap / Overpass", "source_url": "https://www.openstreetmap.org/way/863803394", "retrieved_at": "2026-09-22T17:24:13Z"}, "geometry": {"type": "Point", "coordinates": [76.6059418, 9.5343003]}}, {"type": "Feature", "properties": {"id": "osm-way-864135432", "name": "Community Health Centre, Kumarakam", "facility_type": "district_hospital", "sector": "government", "state": "Kerala", "district": "Kottayam", "block": null, "address_raw": "Hospital Road, Kumarakam, 686563", "geocode_precision": "exact", "services": [], "services_raw": "amenity=hospital; healthcare=hospital", "source": "OpenStreetMap / Overpass", "source_url": "https://www.openstreetmap.org/way/864135432", "retrieved_at": "2026-09-22T17:24:13Z"}, "geometry": {"type": "Point", "coordinates": [76.4390758, 9.590736]}}, {"type": "Feature", "properties": {"id": "osm-way-864139875", "name": "Community Health Centre Edayirikkapuzha", "facility_type": "district_hospital", "sector": "government", "state": "Kerala", "district": "Kottayam", "block": null, "address_raw": "Kanam - Edayarikkappuzha Road, Edayirikkapuzha, 686517", "geocode_precision": "exact", "services": [], "services_raw": "amenity=hospital; healthcare=hospital; healthcare:speciality=general", "source": "OpenStreetMap / Overpass", "source_url": "https://www.openstreetmap.org/way/864139875", "retrieved_at": "2026-09-22T17:24:13Z"}, "geometry": {"type": "Point", "coordinates": [76.7085953, 9.5154648]}}, {"type": "Feature", "properties": {"id": "osm-way-864149233", "name": "Community Health Centre, Karukachal", "facility_type": "district_hospital", "sector": "government", "state": "Kerala", "district": "Kottayam", "block": null, "address_raw": "Changanassery - Vazhoor Road, Karukachal, 686540", "geocode_precision": "exact", "services": [], "services_raw": "amenity=hospital; healthcare=hospital", "source": "OpenStreetMap / Overpass", "source_url": "https://www.openstreetmap.org/way/864149233", "retrieved_at": "2026-09-22T17:24:13Z"}, "geometry": {"type": "Point", "coordinates": [76.638354, 9.5024765]}}, {"type": "Feature", "properties": {"id": "osm-way-864194297", "name": "24*7 primary Health Centre, Ettumanoor", "facility_type": "district_hospital", "sector": "government", "state": "Kerala", "district": "Kottayam", "block": null, "address_raw": "Police Station Road, Ettumanur,Kottayam, 686631", "geocode_precision": "exact", "services": [], "services_raw": "amenity=hospital; healthcare=hospital", "source": "OpenStreetMap / Overpass", "source_url": "https://www.openstreetmap.org/way/864194297", "retrieved_at": "2026-09-22T17:24:13Z"}, "geometry": {"type": "Point", "coordinates": [76.5557088, 9.6708555]}}, {"type": "Feature", "properties": {"id": "osm-way-864518884", "name": "Unnamed mapped hospital", "facility_type": "private_clinic", "sector": "private", "state": "Kerala", "district": "Kottayam", "block": null, "address_raw": "", "geocode_precision": "exact", "services": [], "services_raw": "amenity=hospital; healthcare=hospital", "source": "OpenStreetMap / Overpass", "source_url": "https://www.openstreetmap.org/way/864518884", "retrieved_at": "2026-09-22T17:24:13Z"}, "geometry": {"type": "Point", "coordinates": [76.6135959, 9.7419351]}}, {"type": "Feature", "properties": {"id": "osm-way-878600603", "name": "Primary Health Centre, Udayanapuram", "facility_type": "district_hospital", "sector": "government", "state": "Kerala", "district": "Kottayam", "block": null, "address_raw": "padinjarekkara, kottayam, 686146", "geocode_precision": "exact", "services": [], "services_raw": "amenity=hospital; healthcare=hospital", "source": "OpenStreetMap / Overpass", "source_url": "https://www.openstreetmap.org/way/878600603", "retrieved_at": "2026-09-22T17:24:13Z"}, "geometry": {"type": "Point", "coordinates": [76.4224789, 9.7664202]}}, {"type": "Feature", "properties": {"id": "osm-way-878610446", "name": "Community Health Centre, Edayazham", "facility_type": "private_clinic", "sector": "private", "state": "Kerala", "district": "Kottayam", "block": null, "address_raw": "", "geocode_precision": "exact", "services": [], "services_raw": "amenity=hospital; healthcare=hospital", "source": "OpenStreetMap / Overpass", "source_url": "https://www.openstreetmap.org/way/878610446", "retrieved_at": "2026-09-22T17:24:13Z"}, "geometry": {"type": "Point", "coordinates": [76.4203157, 9.6870293]}}, {"type": "Feature", "properties": {"id": "osm-way-886959969", "name": "Primary Health Centre 24*7, Mundankunnu", "facility_type": "district_hospital", "sector": "government", "state": "Kerala", "district": "Kottayam", "block": null, "address_raw": "Cherpunkal - Kodungoor Road, Mundankunnu", "geocode_precision": "exact", "services": [], "services_raw": "amenity=hospital; healthcare=hospital", "source": "OpenStreetMap / Overpass", "source_url": "https://www.openstreetmap.org/way/886959969", "retrieved_at": "2026-09-22T17:24:13Z"}, "geometry": {"type": "Point", "coordinates": [76.6793931, 9.621795]}}, {"type": "Feature", "properties": {"id": "osm-way-889261547", "name": "Primary Health Center, Marangattupilly", "facility_type": "private_clinic", "sector": "private", "state": "Kerala", "district": "Kottayam", "block": null, "address_raw": "Marangattupilly, 686635", "geocode_precision": "exact", "services": [], "services_raw": "amenity=hospital; healthcare=hospital", "source": "OpenStreetMap / Overpass", "source_url": "https://www.openstreetmap.org/way/889261547", "retrieved_at": "2026-09-22T17:24:13Z"}, "geometry": {"type": "Point", "coordinates": [76.6137435, 9.7420948]}}, {"type": "Feature", "properties": {"id": "osm-way-895082723", "name": "Public Health Care,Edakadathy", "facility_type": "private_clinic", "sector": "private", "state": "Kerala", "district": "Kottayam", "block": null, "address_raw": "", "geocode_precision": "exact", "services": [], "services_raw": "amenity=clinic; healthcare=clinic", "source": "OpenStreetMap / Overpass", "source_url": "https://www.openstreetmap.org/way/895082723", "retrieved_at": "2026-09-22T17:24:13Z"}, "geometry": {"type": "Point", "coordinates": [76.9096911, 9.4327347]}}, {"type": "Feature", "properties": {"id": "osm-way-895228346", "name": "Asha Clinic, Velloor", "facility_type": "private_clinic", "sector": "private", "state": "Kerala", "district": "Kottayam", "block": null, "address_raw": "", "geocode_precision": "exact", "services": [], "services_raw": "amenity=clinic; healthcare=clinic", "source": "OpenStreetMap / Overpass", "source_url": "https://www.openstreetmap.org/way/895228346", "retrieved_at": "2026-09-22T17:24:13Z"}, "geometry": {"type": "Point", "coordinates": [76.6074312, 9.5833716]}}, {"type": "Feature", "properties": {"id": "osm-way-895255035", "name": "Government Homeo Dispensary, Velloor", "facility_type": "private_clinic", "sector": "private", "state": "Kerala", "district": "Kottayam", "block": null, "address_raw": "", "geocode_precision": "exact", "services": [], "services_raw": "healthcare=clinic", "source": "OpenStreetMap / Overpass", "source_url": "https://www.openstreetmap.org/way/895255035", "retrieved_at": "2026-09-22T17:24:13Z"}, "geometry": {"type": "Point", "coordinates": [76.6030485, 9.5947486]}}, {"type": "Feature", "properties": {"id": "osm-way-895814226", "name": "Unnamed mapped clinic", "facility_type": "private_clinic", "sector": "private", "state": "Kerala", "district": "Kottayam", "block": null, "address_raw": "", "geocode_precision": "exact", "services": [], "services_raw": "amenity=clinic; healthcare=clinic", "source": "OpenStreetMap / Overpass", "source_url": "https://www.openstreetmap.org/way/895814226", "retrieved_at": "2026-09-22T17:24:13Z"}, "geometry": {"type": "Point", "coordinates": [76.6069237, 9.5839829]}}, {"type": "Feature", "properties": {"id": "osm-way-898342383", "name": "Unnamed mapped hospital", "facility_type": "private_clinic", "sector": "private", "state": "Kerala", "district": "Kottayam", "block": null, "address_raw": "", "geocode_precision": "exact", "services": [], "services_raw": "amenity=hospital; healthcare=hospital", "source": "OpenStreetMap / Overpass", "source_url": "https://www.openstreetmap.org/way/898342383", "retrieved_at": "2026-09-22T17:24:13Z"}, "geometry": {"type": "Point", "coordinates": [76.5664994, 9.4223817]}}, {"type": "Feature", "properties": {"id": "osm-way-908401694", "name": "Homeo clinic", "facility_type": "private_clinic", "sector": "private", "state": "Kerala", "district": "Kottayam", "block": null, "address_raw": "", "geocode_precision": "exact", "services": [], "services_raw": "amenity=clinic; healthcare=clinic", "source": "OpenStreetMap / Overpass", "source_url": "https://www.openstreetmap.org/way/908401694", "retrieved_at": "2026-09-22T17:24:13Z"}, "geometry": {"type": "Point", "coordinates": [76.5919108, 9.6760027]}}, {"type": "Feature", "properties": {"id": "osm-way-908433955", "name": "PHC Ettumanoor", "facility_type": "private_clinic", "sector": "private", "state": "Kerala", "district": "Kottayam", "block": null, "address_raw": "", "geocode_precision": "exact", "services": [], "services_raw": "amenity=hospital", "source": "OpenStreetMap / Overpass", "source_url": "https://www.openstreetmap.org/way/908433955", "retrieved_at": "2026-09-22T17:24:13Z"}, "geometry": {"type": "Point", "coordinates": [76.5936154, 9.6731288]}}, {"type": "Feature", "properties": {"id": "osm-way-908687900", "name": "Dr Abhilash's pulmonogical clinic", "facility_type": "private_clinic", "sector": "private", "state": "Kerala", "district": "Kottayam", "block": null, "address_raw": "", "geocode_precision": "exact", "services": [], "services_raw": "amenity=clinic; healthcare=clinic", "source": "OpenStreetMap / Overpass", "source_url": "https://www.openstreetmap.org/way/908687900", "retrieved_at": "2026-09-22T17:24:13Z"}, "geometry": {"type": "Point", "coordinates": [76.603184, 9.6804554]}}, {"type": "Feature", "properties": {"id": "osm-way-909010453", "name": "doctor's speciality hospital", "facility_type": "private_clinic", "sector": "private", "state": "Kerala", "district": "Kottayam", "block": null, "address_raw": "", "geocode_precision": "exact", "services": [], "services_raw": "amenity=hospital; healthcare=hospital", "source": "OpenStreetMap / Overpass", "source_url": "https://www.openstreetmap.org/way/909010453", "retrieved_at": "2026-09-22T17:24:13Z"}, "geometry": {"type": "Point", "coordinates": [76.5527609, 9.5886835]}}, {"type": "Feature", "properties": {"id": "osm-way-909075310", "name": "Pharm care Medical STORE", "facility_type": "private_clinic", "sector": "private", "state": "Kerala", "district": "Kottayam", "block": null, "address_raw": "", "geocode_precision": "exact", "services": [], "services_raw": "amenity=hospital; healthcare=hospital", "source": "OpenStreetMap / Overpass", "source_url": "https://www.openstreetmap.org/way/909075310", "retrieved_at": "2026-09-22T17:24:13Z"}, "geometry": {"type": "Point", "coordinates": [76.7244657, 9.4731863]}}, {"type": "Feature", "properties": {"id": "osm-way-909079454", "name": "primary Health Centre, Thrikkodithanam", "facility_type": "district_hospital", "sector": "government", "state": "Kerala", "district": "Kottayam", "block": null, "address_raw": "kottamuri, changanasserry, 686105", "geocode_precision": "exact", "services": [], "services_raw": "amenity=hospital; healthcare=hospital", "source": "OpenStreetMap / Overpass", "source_url": "https://www.openstreetmap.org/way/909079454", "retrieved_at": "2026-09-22T17:24:13Z"}, "geometry": {"type": "Point", "coordinates": [76.5694491, 9.4496435]}}, {"type": "Feature", "properties": {"id": "osm-way-909129546", "name": "Dr.Mathew Choorakkan", "facility_type": "private_clinic", "sector": "private", "state": "Kerala", "district": "Kottayam", "block": null, "address_raw": "", "geocode_precision": "exact", "services": [], "services_raw": "amenity=clinic; healthcare=clinic; healthcare:speciality=otolaryngology", "source": "OpenStreetMap / Overpass", "source_url": "https://www.openstreetmap.org/way/909129546", "retrieved_at": "2026-09-22T17:24:13Z"}, "geometry": {"type": "Point", "coordinates": [76.5359106, 9.5890408]}}, {"type": "Feature", "properties": {"id": "osm-way-909238665", "name": "Bharath Hospital", "facility_type": "private_clinic", "sector": "private", "state": "Kerala", "district": "Kottayam", "block": null, "address_raw": "", "geocode_precision": "exact", "services": [], "services_raw": "amenity=hospital; healthcare=hospital", "source": "OpenStreetMap / Overpass", "source_url": "https://www.openstreetmap.org/way/909238665", "retrieved_at": "2026-09-22T17:24:13Z"}, "geometry": {"type": "Point", "coordinates": [76.5196013, 9.5894658]}}, {"type": "Feature", "properties": {"id": "osm-way-910343330", "name": "Nirmala Homeo Clinic", "facility_type": "private_clinic", "sector": "private", "state": "Kerala", "district": "Kottayam", "block": null, "address_raw": "", "geocode_precision": "exact", "services": [], "services_raw": "amenity=clinic; healthcare=clinic; healthcare:speciality=homeo", "source": "OpenStreetMap / Overpass", "source_url": "https://www.openstreetmap.org/way/910343330", "retrieved_at": "2026-09-22T17:24:13Z"}, "geometry": {"type": "Point", "coordinates": [76.6628362, 9.6651505]}}, {"type": "Feature", "properties": {"id": "osm-way-913771041", "name": "Grace Medical Center", "facility_type": "private_clinic", "sector": "private", "state": "Kerala", "district": "Kottayam", "block": null, "address_raw": "Ayammannam, 686105", "geocode_precision": "exact", "services": [], "services_raw": "amenity=hospital; healthcare=hospital; healthcare:speciality=general;dentistry", "source": "OpenStreetMap / Overpass", "source_url": "https://www.openstreetmap.org/way/913771041", "retrieved_at": "2026-09-22T17:24:13Z"}, "geometry": {"type": "Point", "coordinates": [76.4914965, 9.6089595]}}, {"type": "Feature", "properties": {"id": "osm-way-921612097", "name": "phc vellor", "facility_type": "private_clinic", "sector": "private", "state": "Kerala", "district": "Kottayam", "block": null, "address_raw": "manarcadu bus stand complex, Manarcadu, 686019", "geocode_precision": "exact", "services": [], "services_raw": "amenity=hospital; healthcare=hospital", "source": "OpenStreetMap / Overpass", "source_url": "https://www.openstreetmap.org/way/921612097", "retrieved_at": "2026-09-22T17:24:13Z"}, "geometry": {"type": "Point", "coordinates": [76.5829297, 9.5879584]}}, {"type": "Feature", "properties": {"id": "osm-way-921924283", "name": "Unnamed mapped hospital", "facility_type": "private_clinic", "sector": "private", "state": "Kerala", "district": "Kottayam", "block": null, "address_raw": "", "geocode_precision": "exact", "services": [], "services_raw": "amenity=hospital; healthcare=hospital", "source": "OpenStreetMap / Overpass", "source_url": "https://www.openstreetmap.org/way/921924283", "retrieved_at": "2026-09-22T17:24:13Z"}, "geometry": {"type": "Point", "coordinates": [76.5915825, 9.4389622]}}, {"type": "Feature", "properties": {"id": "osm-way-921924328", "name": "Unnamed mapped hospital", "facility_type": "private_clinic", "sector": "private", "state": "Kerala", "district": "Kottayam", "block": null, "address_raw": "", "geocode_precision": "exact", "services": [], "services_raw": "amenity=hospital; healthcare=hospital", "source": "OpenStreetMap / Overpass", "source_url": "https://www.openstreetmap.org/way/921924328", "retrieved_at": "2026-09-22T17:24:13Z"}, "geometry": {"type": "Point", "coordinates": [76.5914202, 9.4385457]}}, {"type": "Feature", "properties": {"id": "osm-way-929781588", "name": "House of Divine Providence Hospital (HDP)", "facility_type": "private_clinic", "sector": "private", "state": "Kerala", "district": "Kottayam", "block": null, "address_raw": "Kaipuzha", "geocode_precision": "exact", "services": [], "services_raw": "amenity=hospital; healthcare=hospital", "source": "OpenStreetMap / Overpass", "source_url": "https://www.openstreetmap.org/way/929781588", "retrieved_at": "2026-09-22T17:24:13Z"}, "geometry": {"type": "Point", "coordinates": [76.5117593, 9.6703091]}}, {"type": "Feature", "properties": {"id": "osm-way-934229424", "name": "Taluk Head Quarters Hospital Changanassery", "facility_type": "district_hospital", "sector": "government", "state": "Kerala", "district": "Kottayam", "block": null, "address_raw": "Government Hospital Road, changanacherry", "geocode_precision": "exact", "services": [], "services_raw": "amenity=hospital; healthcare=hospital", "source": "OpenStreetMap / Overpass", "source_url": "https://www.openstreetmap.org/way/934229424", "retrieved_at": "2026-09-22T17:24:13Z"}, "geometry": {"type": "Point", "coordinates": [76.5394733, 9.445086]}}, {"type": "Feature", "properties": {"id": "osm-way-934230097", "name": "Government Dental College, Kottayam", "facility_type": "district_hospital", "sector": "government", "state": "Kerala", "district": "Kottayam", "block": null, "address_raw": "Medical College Gandhi Nagar Road, Kottayam", "geocode_precision": "exact", "services": [], "services_raw": "amenity=hospital; healthcare=hospital", "source": "OpenStreetMap / Overpass", "source_url": "https://www.openstreetmap.org/way/934230097", "retrieved_at": "2026-09-22T17:24:13Z"}, "geometry": {"type": "Point", "coordinates": [76.5261021, 9.6318982]}}, {"type": "Feature", "properties": {"id": "osm-way-938351177", "name": "Primary Health Centre, Vazhappally", "facility_type": "district_hospital", "sector": "government", "state": "Kerala", "district": "Kottayam", "block": null, "address_raw": "puthuchira, Itithanam, 686106", "geocode_precision": "exact", "services": [], "services_raw": "amenity=hospital; healthcare=hospital", "source": "OpenStreetMap / Overpass", "source_url": "https://www.openstreetmap.org/way/938351177", "retrieved_at": "2026-09-22T17:24:13Z"}, "geometry": {"type": "Point", "coordinates": [76.5567329, 9.4803436]}}, {"type": "Feature", "properties": {"id": "osm-way-938866243", "name": "ESI Hospital, Vadavathoor", "facility_type": "private_clinic", "sector": "private", "state": "Kerala", "district": "Kottayam", "block": null, "address_raw": "Vadavathoor_MRF Road", "geocode_precision": "exact", "services": [], "services_raw": "amenity=hospital; healthcare=hospital", "source": "OpenStreetMap / Overpass", "source_url": "https://www.openstreetmap.org/way/938866243", "retrieved_at": "2026-09-22T17:24:13Z"}, "geometry": {"type": "Point", "coordinates": [76.5624014, 9.6011629]}}, {"type": "Feature", "properties": {"id": "osm-way-940644108", "name": "Homeopathy Consultation", "facility_type": "private_clinic", "sector": "private", "state": "Kerala", "district": "Kottayam", "block": null, "address_raw": "686633", "geocode_precision": "exact", "services": [], "services_raw": "amenity=clinic; healthcare=clinic", "source": "OpenStreetMap / Overpass", "source_url": "https://www.openstreetmap.org/way/940644108", "retrieved_at": "2026-09-22T17:24:13Z"}, "geometry": {"type": "Point", "coordinates": [76.5650174, 9.7620168]}}, {"type": "Feature", "properties": {"id": "osm-way-942925006", "name": "Primary Health Centre, Parathodu", "facility_type": "district_hospital", "sector": "government", "state": "Kerala", "district": "Kottayam", "block": null, "address_raw": "26th mile edakunnam road, Edakkunnam, 686512", "geocode_precision": "exact", "services": [], "services_raw": "amenity=hospital; healthcare=hospital; healthcare:speciality=general", "source": "OpenStreetMap / Overpass", "source_url": "https://www.openstreetmap.org/way/942925006", "retrieved_at": "2026-09-22T17:24:13Z"}, "geometry": {"type": "Point", "coordinates": [76.8385502, 9.5486656]}}, {"type": "Feature", "properties": {"id": "osm-way-943758127", "name": "Holy Ghost Mission Hospital Muttuchira", "facility_type": "private_clinic", "sector": "private", "state": "Kerala", "district": "Kottayam", "block": null, "address_raw": "", "geocode_precision": "exact", "services": [], "services_raw": "amenity=hospital; healthcare=hospital", "source": "OpenStreetMap / Overpass", "source_url": "https://www.openstreetmap.org/way/943758127", "retrieved_at": "2026-09-22T17:24:13Z"}, "geometry": {"type": "Point", "coordinates": [76.4998303, 9.757301]}}, {"type": "Feature", "properties": {"id": "osm-way-944779430", "name": "Inter-University Center for Biomedical Research & Superspeciality Hospital", "facility_type": "private_clinic", "sector": "private", "state": "Kerala", "district": "Kottayam", "block": null, "address_raw": "", "geocode_precision": "exact", "services": [], "services_raw": "amenity=hospital; healthcare=hospital", "source": "OpenStreetMap / Overpass", "source_url": "https://www.openstreetmap.org/way/944779430", "retrieved_at": "2026-09-22T17:24:13Z"}, "geometry": {"type": "Point", "coordinates": [76.5789743, 9.575144]}}, {"type": "Feature", "properties": {"id": "osm-way-944779432", "name": "Base Hospital", "facility_type": "private_clinic", "sector": "private", "state": "Kerala", "district": "Kottayam", "block": null, "address_raw": "", "geocode_precision": "exact", "services": [], "services_raw": "amenity=hospital; healthcare=hospital", "source": "OpenStreetMap / Overpass", "source_url": "https://www.openstreetmap.org/way/944779432", "retrieved_at": "2026-09-22T17:24:13Z"}, "geometry": {"type": "Point", "coordinates": [76.5780254, 9.5909027]}}, {"type": "Feature", "properties": {"id": "osm-way-947193011", "name": "Unnamed mapped hospital", "facility_type": "private_clinic", "sector": "private", "state": "Kerala", "district": "Kottayam", "block": null, "address_raw": "kidangoor-Ayarkunnam-Manarcadu Road, Kottayam, 686564", "geocode_precision": "exact", "services": [], "services_raw": "amenity=hospital; healthcare=hospital", "source": "OpenStreetMap / Overpass", "source_url": "https://www.openstreetmap.org/way/947193011", "retrieved_at": "2026-09-22T17:24:13Z"}, "geometry": {"type": "Point", "coordinates": [76.6059394, 9.6331896]}}, {"type": "Feature", "properties": {"id": "osm-way-947218759", "name": "Primary Health Center, Kanakkary", "facility_type": "district_hospital", "sector": "government", "state": "Kerala", "district": "Kottayam", "block": null, "address_raw": "Kanakkary-Sleevapuram Road, kottayam", "geocode_precision": "exact", "services": [], "services_raw": "amenity=hospital; healthcare=hospital", "source": "OpenStreetMap / Overpass", "source_url": "https://www.openstreetmap.org/way/947218759", "retrieved_at": "2026-09-22T17:24:13Z"}, "geometry": {"type": "Point", "coordinates": [76.5481829, 9.7110522]}}, {"type": "Feature", "properties": {"id": "osm-way-955254033", "name": "family health centre panachikkadu", "facility_type": "private_clinic", "sector": "private", "state": "Kerala", "district": "Kottayam", "block": null, "address_raw": "", "geocode_precision": "exact", "services": [], "services_raw": "amenity=hospital; healthcare=hospital", "source": "OpenStreetMap / Overpass", "source_url": "https://www.openstreetmap.org/way/955254033", "retrieved_at": "2026-09-22T17:24:13Z"}, "geometry": {"type": "Point", "coordinates": [76.5346724, 9.5398287]}}, {"type": "Feature", "properties": {"id": "osm-way-959121748", "name": "Coorperative Hospital Kaduthuruthy", "facility_type": "private_clinic", "sector": "private", "state": "Kerala", "district": "Kottayam", "block": null, "address_raw": "", "geocode_precision": "exact", "services": [], "services_raw": "amenity=hospital; healthcare=hospital", "source": "OpenStreetMap / Overpass", "source_url": "https://www.openstreetmap.org/way/959121748", "retrieved_at": "2026-09-22T17:24:13Z"}, "geometry": {"type": "Point", "coordinates": [76.4935349, 9.7662544]}}, {"type": "Feature", "properties": {"id": "osm-way-961594331", "name": "Primary Health Centre, Meenadom", "facility_type": "private_clinic", "sector": "private", "state": "Kerala", "district": "Kottayam", "block": null, "address_raw": "", "geocode_precision": "exact", "services": [], "services_raw": "amenity=hospital; healthcare=hospital", "source": "OpenStreetMap / Overpass", "source_url": "https://www.openstreetmap.org/way/961594331", "retrieved_at": "2026-09-22T17:24:13Z"}, "geometry": {"type": "Point", "coordinates": [76.616164, 9.5515665]}}, {"type": "Feature", "properties": {"id": "osm-way-967365423", "name": "Unnamed mapped hospital", "facility_type": "private_clinic", "sector": "private", "state": "Kerala", "district": "Kottayam", "block": null, "address_raw": "", "geocode_precision": "exact", "services": [], "services_raw": "amenity=hospital; healthcare=hospital", "source": "OpenStreetMap / Overpass", "source_url": "https://www.openstreetmap.org/way/967365423", "retrieved_at": "2026-09-22T17:24:13Z"}, "geometry": {"type": "Point", "coordinates": [76.8835578, 9.5367449]}}, {"type": "Feature", "properties": {"id": "osm-way-977769798", "name": "Royal Medcare centre,Karukachal", "facility_type": "private_clinic", "sector": "private", "state": "Kerala", "district": "Kottayam", "block": null, "address_raw": "KARUKACHAL, 686540", "geocode_precision": "exact", "services": [], "services_raw": "amenity=hospital; healthcare=hospital", "source": "OpenStreetMap / Overpass", "source_url": "https://www.openstreetmap.org/way/977769798", "retrieved_at": "2026-09-22T17:24:13Z"}, "geometry": {"type": "Point", "coordinates": [76.6393654, 9.5069277]}}, {"type": "Feature", "properties": {"id": "osm-way-977772580", "name": "S J Eye Hospital, Karukachal", "facility_type": "private_clinic", "sector": "private", "state": "Kerala", "district": "Kottayam", "block": null, "address_raw": "686540", "geocode_precision": "exact", "services": [], "services_raw": "amenity=hospital; healthcare=hospital", "source": "OpenStreetMap / Overpass", "source_url": "https://www.openstreetmap.org/way/977772580", "retrieved_at": "2026-09-22T17:24:13Z"}, "geometry": {"type": "Point", "coordinates": [76.639816, 9.5101821]}}, {"type": "Feature", "properties": {"id": "osm-way-977902364", "name": "Karunnya Medical Centre and Eye Hospital,Karukachal", "facility_type": "private_clinic", "sector": "private", "state": "Kerala", "district": "Kottayam", "block": null, "address_raw": "Karukachal, 686540", "geocode_precision": "exact", "services": [], "services_raw": "amenity=hospital; healthcare=hospital", "source": "OpenStreetMap / Overpass", "source_url": "https://www.openstreetmap.org/way/977902364", "retrieved_at": "2026-09-22T17:24:13Z"}, "geometry": {"type": "Point", "coordinates": [76.638531, 9.5016344]}}, {"type": "Feature", "properties": {"id": "osm-way-980892950", "name": "Government Homeo Dispensary", "facility_type": "private_clinic", "sector": "private", "state": "Kerala", "district": "Kottayam", "block": null, "address_raw": "", "geocode_precision": "exact", "services": [], "services_raw": "amenity=clinic; healthcare=clinic", "source": "OpenStreetMap / Overpass", "source_url": "https://www.openstreetmap.org/way/980892950", "retrieved_at": "2026-09-22T17:24:13Z"}, "geometry": {"type": "Point", "coordinates": [76.6450162, 9.7088058]}}, {"type": "Feature", "properties": {"id": "osm-way-983711255", "name": "Government Ayurveda Hospital", "facility_type": "phc", "sector": "government", "state": "Kerala", "district": "Kottayam", "block": null, "address_raw": "Kodungoor-Manimala Road, Chamampathal, 686517", "geocode_precision": "exact", "services": [], "services_raw": "healthcare=clinic; healthcare:speciality=ayurveda", "source": "OpenStreetMap / Overpass", "source_url": "https://www.openstreetmap.org/way/983711255", "retrieved_at": "2026-09-22T17:24:13Z"}, "geometry": {"type": "Point", "coordinates": [76.7230739, 9.5353084]}}, {"type": "Feature", "properties": {"id": "osm-way-984697827", "name": "Homeo clinic", "facility_type": "phc", "sector": "government", "state": "Kerala", "district": "Kottayam", "block": null, "address_raw": "", "geocode_precision": "exact", "services": [], "services_raw": "amenity=clinic; healthcare=clinic", "source": "OpenStreetMap / Overpass", "source_url": "https://www.openstreetmap.org/way/984697827", "retrieved_at": "2026-09-22T17:24:13Z"}, "geometry": {"type": "Point", "coordinates": [76.5140425, 9.7004815]}}, {"type": "Feature", "properties": {"id": "osm-way-987274612", "name": "Aymanam Gramapanchayat  Family Health Centre Veliad", "facility_type": "district_hospital", "sector": "government", "state": "Kerala", "district": "Kottayam", "block": null, "address_raw": "", "geocode_precision": "exact", "services": [], "services_raw": "healthcare=hospital", "source": "OpenStreetMap / Overpass", "source_url": "https://www.openstreetmap.org/way/987274612", "retrieved_at": "2026-09-22T17:24:13Z"}, "geometry": {"type": "Point", "coordinates": [76.4815402, 9.6316254]}}, {"type": "Feature", "properties": {"id": "osm-way-987341288", "name": "St.John's Hospital", "facility_type": "private_clinic", "sector": "private", "state": "Kerala", "district": "Kottayam", "block": null, "address_raw": "", "geocode_precision": "exact", "services": [], "services_raw": "amenity=hospital; healthcare=hospital", "source": "OpenStreetMap / Overpass", "source_url": "https://www.openstreetmap.org/way/987341288", "retrieved_at": "2026-09-22T17:24:13Z"}, "geometry": {"type": "Point", "coordinates": [76.475965, 9.6109024]}}, {"type": "Feature", "properties": {"id": "osm-way-993011630", "name": "BM Pharmacy Ayurveda Hospital", "facility_type": "private_clinic", "sector": "private", "state": "Kerala", "district": "Kottayam", "block": null, "address_raw": "", "geocode_precision": "exact", "services": [], "services_raw": "amenity=hospital; healthcare=hospital", "source": "OpenStreetMap / Overpass", "source_url": "https://www.openstreetmap.org/way/993011630", "retrieved_at": "2026-09-22T17:24:13Z"}, "geometry": {"type": "Point", "coordinates": [76.4872284, 9.6095635]}}, {"type": "Feature", "properties": {"id": "osm-way-998110331", "name": "Mercy Hospital, Thalayolaparambu", "facility_type": "private_clinic", "sector": "private", "state": "Kerala", "district": "Kottayam", "block": null, "address_raw": "Thalayolaparambu - Peruva - Koothattukulam Road, 686605", "geocode_precision": "exact", "services": [], "services_raw": "amenity=hospital; healthcare=hospital", "source": "OpenStreetMap / Overpass", "source_url": "https://www.openstreetmap.org/way/998110331", "retrieved_at": "2026-09-22T17:24:13Z"}, "geometry": {"type": "Point", "coordinates": [76.4727721, 9.7968989]}}, {"type": "Feature", "properties": {"id": "osm-way-1000752992", "name": "Government Ayurveda Hospital Ground,Palai", "facility_type": "district_hospital", "sector": "government", "state": "Kerala", "district": "Kottayam", "block": null, "address_raw": "", "geocode_precision": "exact", "services": [], "services_raw": "amenity=hospital; healthcare=hospital; healthcare:speciality=general", "source": "OpenStreetMap / Overpass", "source_url": "https://www.openstreetmap.org/way/1000752992", "retrieved_at": "2026-09-22T17:24:13Z"}, "geometry": {"type": "Point", "coordinates": [76.6746408, 9.7300622]}}, {"type": "Feature", "properties": {"id": "osm-way-1003917499", "name": "General Hospital,Palai", "facility_type": "district_hospital", "sector": "government", "state": "Kerala", "district": "Kottayam", "block": null, "address_raw": "", "geocode_precision": "exact", "services": [], "services_raw": "amenity=hospital; healthcare=hospital", "source": "OpenStreetMap / Overpass", "source_url": "https://www.openstreetmap.org/way/1003917499", "retrieved_at": "2026-09-22T17:24:13Z"}, "geometry": {"type": "Point", "coordinates": [76.6805736, 9.711487]}}, {"type": "Feature", "properties": {"id": "osm-way-1006209456", "name": "Primary Health Center, Vizhikkathodu", "facility_type": "district_hospital", "sector": "government", "state": "Kerala", "district": "Kottayam", "block": null, "address_raw": "Ponkunnam - KVMS - Erumely Road, vizhikkathodu, 686518", "geocode_precision": "exact", "services": [], "services_raw": "amenity=hospital; healthcare=hospital", "source": "OpenStreetMap / Overpass", "source_url": "https://www.openstreetmap.org/way/1006209456", "retrieved_at": "2026-09-22T17:24:13Z"}, "geometry": {"type": "Point", "coordinates": [76.8074839, 9.5172723]}}, {"type": "Feature", "properties": {"id": "osm-way-1006884513", "name": "Abraham's Infertility Research & Gynaec Centre", "facility_type": "private_clinic", "sector": "private", "state": "Kerala", "district": "Kottayam", "block": null, "address_raw": "Chambers, Changanassery, 686101", "geocode_precision": "exact", "services": [], "services_raw": "amenity=clinic; healthcare=clinic; healthcare:speciality=gynaecology;infertility", "source": "OpenStreetMap / Overpass", "source_url": "https://www.openstreetmap.org/way/1006884513", "retrieved_at": "2026-09-22T17:24:13Z"}, "geometry": {"type": "Point", "coordinates": [76.5435903, 9.4493107]}}, {"type": "Feature", "properties": {"id": "osm-way-1013451582", "name": "Government Homoeo Dispensary, Elackad", "facility_type": "private_clinic", "sector": "private", "state": "Kerala", "district": "Kottayam", "block": null, "address_raw": "Road to Paikkad", "geocode_precision": "exact", "services": [], "services_raw": "amenity=hospital; healthcare=hospital", "source": "OpenStreetMap / Overpass", "source_url": "https://www.openstreetmap.org/way/1013451582", "retrieved_at": "2026-09-22T17:24:13Z"}, "geometry": {"type": "Point", "coordinates": [76.5971033, 9.7597581]}}, {"type": "Feature", "properties": {"id": "osm-way-1015084751", "name": "Community Health Centre, Ramapuram", "facility_type": "private_clinic", "sector": "private", "state": "Kerala", "district": "Kottayam", "block": null, "address_raw": "", "geocode_precision": "exact", "services": [], "services_raw": "amenity=hospital; healthcare=hospital", "source": "OpenStreetMap / Overpass", "source_url": "https://www.openstreetmap.org/way/1015084751", "retrieved_at": "2026-09-22T17:24:13Z"}, "geometry": {"type": "Point", "coordinates": [76.6626526, 9.8031954]}}, {"type": "Feature", "properties": {"id": "osm-way-1024302345", "name": "Cherupushpam Hospital", "facility_type": "private_clinic", "sector": "private", "state": "Kerala", "district": "Kottayam", "block": null, "address_raw": "", "geocode_precision": "exact", "services": [], "services_raw": "amenity=hospital; healthcare=hospital", "source": "OpenStreetMap / Overpass", "source_url": "https://www.openstreetmap.org/way/1024302345", "retrieved_at": "2026-09-22T17:24:13Z"}, "geometry": {"type": "Point", "coordinates": [76.6893423, 9.7159356]}}, {"type": "Feature", "properties": {"id": "osm-way-1028584408", "name": "St.Thomas Health Centre, Manimala", "facility_type": "private_clinic", "sector": "private", "state": "Kerala", "district": "Kottayam", "block": null, "address_raw": "", "geocode_precision": "exact", "services": [], "services_raw": "amenity=hospital; healthcare=hospital", "source": "OpenStreetMap / Overpass", "source_url": "https://www.openstreetmap.org/way/1028584408", "retrieved_at": "2026-09-22T17:24:13Z"}, "geometry": {"type": "Point", "coordinates": [76.7503388, 9.4917525]}}, {"type": "Feature", "properties": {"id": "osm-way-1041355223", "name": "St. Alphonsa Clinic Homeo", "facility_type": "private_clinic", "sector": "private", "state": "Kerala", "district": "Kottayam", "block": null, "address_raw": "Ettumanoor - Erattupetta - Poonjar Road, Melampara", "geocode_precision": "exact", "services": [], "services_raw": "amenity=clinic; healthcare=clinic", "source": "OpenStreetMap / Overpass", "source_url": "https://www.openstreetmap.org/way/1041355223", "retrieved_at": "2026-09-22T17:24:13Z"}, "geometry": {"type": "Point", "coordinates": [76.7498746, 9.7032117]}}, {"type": "Feature", "properties": {"id": "osm-way-1041360848", "name": "Government Health Center, Thalappalam", "facility_type": "private_clinic", "sector": "private", "state": "Kerala", "district": "Kottayam", "block": null, "address_raw": "", "geocode_precision": "exact", "services": [], "services_raw": "amenity=clinic; healthcare=clinic", "source": "OpenStreetMap / Overpass", "source_url": "https://www.openstreetmap.org/way/1041360848", "retrieved_at": "2026-09-22T17:24:13Z"}, "geometry": {"type": "Point", "coordinates": [76.7705118, 9.7064114]}}, {"type": "Feature", "properties": {"id": "osm-way-1053496617", "name": "Family Welfare Center Ponkunnam", "facility_type": "phc", "sector": "government", "state": "Kerala", "district": "Kottayam", "block": null, "address_raw": "Ponkunnam - KVMS - Erumely Road, Ponkunnam, 686506", "geocode_precision": "exact", "services": [], "services_raw": "amenity=clinic; healthcare=clinic", "source": "OpenStreetMap / Overpass", "source_url": "https://www.openstreetmap.org/way/1053496617", "retrieved_at": "2026-09-22T17:24:13Z"}, "geometry": {"type": "Point", "coordinates": [76.7622932, 9.5630549]}}, {"type": "Feature", "properties": {"id": "osm-way-1053498028", "name": "Aravinda Hospital (KVMS)", "facility_type": "private_clinic", "sector": "private", "state": "Kerala", "district": "Kottayam", "block": null, "address_raw": "Ponkunnam - KVMS - Erumely Road, ponkunnam, 686506", "geocode_precision": "exact", "services": [], "services_raw": "amenity=hospital; healthcare=hospital; healthcare:speciality=general", "source": "OpenStreetMap / Overpass", "source_url": "https://www.openstreetmap.org/way/1053498028", "retrieved_at": "2026-09-22T17:24:13Z"}, "geometry": {"type": "Point", "coordinates": [76.7641998, 9.5575616]}}, {"type": "Feature", "properties": {"id": "osm-way-1053498834", "name": "Aravinda Hospital (KVMS)", "facility_type": "private_clinic", "sector": "private", "state": "Kerala", "district": "Kottayam", "block": null, "address_raw": "Ponkunnam - KVMS - Erumely Road, ponkunnam, 686506", "geocode_precision": "exact", "services": [], "services_raw": "amenity=hospital; healthcare=hospital", "source": "OpenStreetMap / Overpass", "source_url": "https://www.openstreetmap.org/way/1053498834", "retrieved_at": "2026-09-22T17:24:13Z"}, "geometry": {"type": "Point", "coordinates": [76.7643446, 9.5579132]}}, {"type": "Feature", "properties": {"id": "osm-way-1057256720", "name": "Cardinal Speciality Hospital, Cheenkallel", "facility_type": "private_clinic", "sector": "private", "state": "Kerala", "district": "Kottayam", "block": null, "address_raw": "", "geocode_precision": "exact", "services": [], "services_raw": "amenity=hospital; healthcare=hospital", "source": "OpenStreetMap / Overpass", "source_url": "https://www.openstreetmap.org/way/1057256720", "retrieved_at": "2026-09-22T17:24:13Z"}, "geometry": {"type": "Point", "coordinates": [76.5731208, 9.7954387]}}, {"type": "Feature", "properties": {"id": "osm-way-1059041452", "name": "Unnamed mapped hospital", "facility_type": "private_clinic", "sector": "private", "state": "Kerala", "district": "Kottayam", "block": null, "address_raw": "", "geocode_precision": "exact", "services": [], "services_raw": "amenity=hospital; healthcare=hospital", "source": "OpenStreetMap / Overpass", "source_url": "https://www.openstreetmap.org/way/1059041452", "retrieved_at": "2026-09-22T17:24:13Z"}, "geometry": {"type": "Point", "coordinates": [76.7128476, 9.7385304]}}, {"type": "Feature", "properties": {"id": "osm-way-1062974546", "name": "Family Welfare center Chennakunnu", "facility_type": "phc", "sector": "government", "state": "Kerala", "district": "Kottayam", "block": null, "address_raw": "Manjappallikkunnu - Muttathukavala Road, Chennakunnu, 686519", "geocode_precision": "exact", "services": [], "services_raw": "amenity=clinic; healthcare=clinic; healthcare:speciality=general", "source": "OpenStreetMap / Overpass", "source_url": "https://www.openstreetmap.org/way/1062974546", "retrieved_at": "2026-09-22T17:24:13Z"}, "geometry": {"type": "Point", "coordinates": [76.7472316, 9.5434325]}}, {"type": "Feature", "properties": {"id": "osm-way-1065400514", "name": "Mar Aprem Medical Centre, Chirakkadavu", "facility_type": "private_clinic", "sector": "private", "state": "Kerala", "district": "Kottayam", "block": null, "address_raw": "Ponkunnam - KVMS - Erumely Road, Mannamplavu, 686520", "geocode_precision": "exact", "services": [], "services_raw": "amenity=hospital; healthcare=hospital", "source": "OpenStreetMap / Overpass", "source_url": "https://www.openstreetmap.org/way/1065400514", "retrieved_at": "2026-09-22T17:24:13Z"}, "geometry": {"type": "Point", "coordinates": [76.7848525, 9.5305851]}}, {"type": "Feature", "properties": {"id": "osm-way-1066629952", "name": "ST MARYS HOMEO CLINIC", "facility_type": "private_clinic", "sector": "private", "state": "Kerala", "district": "Kottayam", "block": null, "address_raw": "", "geocode_precision": "exact", "services": [], "services_raw": "amenity=clinic; healthcare=clinic", "source": "OpenStreetMap / Overpass", "source_url": "https://www.openstreetmap.org/way/1066629952", "retrieved_at": "2026-09-22T17:24:13Z"}, "geometry": {"type": "Point", "coordinates": [76.4474383, 9.7847439]}}, {"type": "Feature", "properties": {"id": "osm-way-1077455374", "name": "Mar Sleeva Medicity Pala", "facility_type": "private_clinic", "sector": "private", "state": "Kerala", "district": "Kottayam", "block": null, "address_raw": "Cherpunkal, Pala, 686584", "geocode_precision": "exact", "services": [], "services_raw": "amenity=hospital; healthcare=hospital", "source": "OpenStreetMap / Overpass", "source_url": "https://www.openstreetmap.org/way/1077455374", "retrieved_at": "2026-09-22T17:24:13Z"}, "geometry": {"type": "Point", "coordinates": [76.6440092, 9.6793229]}}, {"type": "Feature", "properties": {"id": "osm-way-1079362499", "name": "Thiruvarppu Government Ayurvedic Hospital", "facility_type": "private_clinic", "sector": "private", "state": "Kerala", "district": "Kottayam", "block": null, "address_raw": "", "geocode_precision": "exact", "services": [], "services_raw": "amenity=hospital; healthcare=hospital", "source": "OpenStreetMap / Overpass", "source_url": "https://www.openstreetmap.org/way/1079362499", "retrieved_at": "2026-09-22T17:24:13Z"}, "geometry": {"type": "Point", "coordinates": [76.5023925, 9.6021891]}}, {"type": "Feature", "properties": {"id": "osm-way-1084204968", "name": "Unnamed mapped hospital", "facility_type": "private_clinic", "sector": "private", "state": "Kerala", "district": "Kottayam", "block": null, "address_raw": "", "geocode_precision": "exact", "services": [], "services_raw": "amenity=hospital; healthcare=hospital", "source": "OpenStreetMap / Overpass", "source_url": "https://www.openstreetmap.org/way/1084204968", "retrieved_at": "2026-09-22T17:24:13Z"}, "geometry": {"type": "Point", "coordinates": [76.8016315, 9.5592273]}}, {"type": "Feature", "properties": {"id": "osm-way-1086872143", "name": "Primary Health Centre, Kallara", "facility_type": "district_hospital", "sector": "government", "state": "Kerala", "district": "Kottayam", "block": null, "address_raw": "", "geocode_precision": "exact", "services": [], "services_raw": "amenity=hospital; healthcare=hospital", "source": "OpenStreetMap / Overpass", "source_url": "https://www.openstreetmap.org/way/1086872143", "retrieved_at": "2026-09-22T17:24:13Z"}, "geometry": {"type": "Point", "coordinates": [76.4763109, 9.7080892]}}, {"type": "Feature", "properties": {"id": "osm-way-1088330172", "name": "Vaikom Sathyagraha Memmorial Hospital", "facility_type": "private_clinic", "sector": "private", "state": "Kerala", "district": "Kottayam", "block": null, "address_raw": "", "geocode_precision": "exact", "services": [], "services_raw": "amenity=hospital; healthcare=hospital", "source": "OpenStreetMap / Overpass", "source_url": "https://www.openstreetmap.org/way/1088330172", "retrieved_at": "2026-09-22T17:24:13Z"}, "geometry": {"type": "Point", "coordinates": [76.393589, 9.7440848]}}, {"type": "Feature", "properties": {"id": "osm-way-1100991897", "name": "Family Health Center Edamala", "facility_type": "phc", "sector": "government", "state": "Kerala", "district": "Kottayam", "block": null, "address_raw": "Poonjar - Kunnonni Road, edamala, 686582", "geocode_precision": "exact", "services": [], "services_raw": "amenity=clinic; healthcare=clinic; healthcare:speciality=general", "source": "OpenStreetMap / Overpass", "source_url": "https://www.openstreetmap.org/way/1100991897", "retrieved_at": "2026-09-22T17:24:13Z"}, "geometry": {"type": "Point", "coordinates": [76.8448416, 9.6628082]}}, {"type": "Feature", "properties": {"id": "osm-way-1101549711", "name": "Goverenment Homeo dispancary Teekoy", "facility_type": "district_hospital", "sector": "government", "state": "Kerala", "district": "Kottayam", "block": null, "address_raw": "Erattupetta-Peermade Road, Teekoy, 686580", "geocode_precision": "exact", "services": [], "services_raw": "amenity=hospital; healthcare=hospital; healthcare:speciality=general", "source": "OpenStreetMap / Overpass", "source_url": "https://www.openstreetmap.org/way/1101549711", "retrieved_at": "2026-09-22T17:24:13Z"}, "geometry": {"type": "Point", "coordinates": [76.8051964, 9.6984669]}}, {"type": "Feature", "properties": {"id": "osm-way-1102306426", "name": "Family Health center chennad", "facility_type": "phc", "sector": "government", "state": "Kerala", "district": "Kottayam", "block": null, "address_raw": "Erattupetta - Chennad Road, Chennad, 686581", "geocode_precision": "exact", "services": [], "services_raw": "amenity=clinic; healthcare=clinic; healthcare:speciality=general", "source": "OpenStreetMap / Overpass", "source_url": "https://www.openstreetmap.org/way/1102306426", "retrieved_at": "2026-09-22T17:24:13Z"}, "geometry": {"type": "Point", "coordinates": [76.8178219, 9.6393844]}}, {"type": "Feature", "properties": {"id": "osm-way-1102313194", "name": "Family Health Center kootakall valathuk", "facility_type": "phc", "sector": "government", "state": "Kerala", "district": "Kottayam", "block": null, "address_raw": "Poonjar - Kunnonni Road, Kootall, 686581", "geocode_precision": "exact", "services": [], "services_raw": "amenity=clinic; healthcare=clinic; healthcare:speciality=general", "source": "OpenStreetMap / Overpass", "source_url": "https://www.openstreetmap.org/way/1102313194", "retrieved_at": "2026-09-22T17:24:13Z"}, "geometry": {"type": "Point", "coordinates": [76.8224745, 9.6502077]}}, {"type": "Feature", "properties": {"id": "osm-way-1102315968", "name": "Government Homeo Dispensary", "facility_type": "private_clinic", "sector": "private", "state": "Kerala", "district": "Kottayam", "block": null, "address_raw": "Erattupetta - Chennad Road, Chennad, 686581", "geocode_precision": "exact", "services": [], "services_raw": "amenity=hospital; healthcare=hospital; healthcare:speciality=general", "source": "OpenStreetMap / Overpass", "source_url": "https://www.openstreetmap.org/way/1102315968", "retrieved_at": "2026-09-22T17:24:13Z"}, "geometry": {"type": "Point", "coordinates": [76.8060363, 9.6437631]}}, {"type": "Feature", "properties": {"id": "osm-way-1137795887", "name": "MITERA HOSPITAL", "facility_type": "private_clinic", "sector": "private", "state": "Kerala", "district": "Kottayam", "block": null, "address_raw": "", "geocode_precision": "exact", "services": [], "services_raw": "amenity=hospital; healthcare=hospital", "source": "OpenStreetMap / Overpass", "source_url": "https://www.openstreetmap.org/way/1137795887", "retrieved_at": "2026-09-22T17:24:13Z"}, "geometry": {"type": "Point", "coordinates": [76.5472771, 9.6476434]}}, {"type": "Feature", "properties": {"id": "osm-way-1172586603", "name": "Unnamed mapped hospital", "facility_type": "private_clinic", "sector": "private", "state": "Kerala", "district": "Kottayam", "block": null, "address_raw": "", "geocode_precision": "exact", "services": [], "services_raw": "amenity=hospital; healthcare=hospital", "source": "OpenStreetMap / Overpass", "source_url": "https://www.openstreetmap.org/way/1172586603", "retrieved_at": "2026-09-22T17:24:13Z"}, "geometry": {"type": "Point", "coordinates": [76.7194372, 9.5381392]}}, {"type": "Feature", "properties": {"id": "osm-way-1178110930", "name": "Unnamed mapped clinic", "facility_type": "private_clinic", "sector": "private", "state": "Kerala", "district": "Kottayam", "block": null, "address_raw": "", "geocode_precision": "exact", "services": [], "services_raw": "amenity=clinic; healthcare=clinic", "source": "OpenStreetMap / Overpass", "source_url": "https://www.openstreetmap.org/way/1178110930", "retrieved_at": "2026-09-22T17:24:13Z"}, "geometry": {"type": "Point", "coordinates": [76.5270139, 9.6308582]}}, {"type": "Feature", "properties": {"id": "osm-way-1185641670", "name": "Homeo clinic, Vadavathoor", "facility_type": "private_clinic", "sector": "private", "state": "Kerala", "district": "Kottayam", "block": null, "address_raw": "Vadavathoor, 686010", "geocode_precision": "exact", "services": [], "services_raw": "amenity=clinic; healthcare=clinic", "source": "OpenStreetMap / Overpass", "source_url": "https://www.openstreetmap.org/way/1185641670", "retrieved_at": "2026-09-22T17:24:13Z"}, "geometry": {"type": "Point", "coordinates": [76.563508, 9.5915597]}}, {"type": "Feature", "properties": {"id": "osm-way-1186052759", "name": "Primary Health Center Pallikathodu", "facility_type": "private_clinic", "sector": "private", "state": "Kerala", "district": "Kottayam", "block": null, "address_raw": "Primary Health Centre Pallickathodu. Primary Health Centre, Pallickathodu. Phone : 0481-2551750. Category/Type: PHC Pincode: 686503. Website Policies​ ., pallikathodu", "geocode_precision": "exact", "services": [], "services_raw": "amenity=hospital; healthcare=hospital", "source": "OpenStreetMap / Overpass", "source_url": "https://www.openstreetmap.org/way/1186052759", "retrieved_at": "2026-09-22T17:24:13Z"}, "geometry": {"type": "Point", "coordinates": [76.6742068, 9.5955133]}}, {"type": "Feature", "properties": {"id": "osm-way-1186486978", "name": "Lifecare Family Clinic and Lab", "facility_type": "private_clinic", "sector": "private", "state": "Kerala", "district": "Kottayam", "block": null, "address_raw": "", "geocode_precision": "exact", "services": [], "services_raw": "amenity=clinic; healthcare=clinic", "source": "OpenStreetMap / Overpass", "source_url": "https://www.openstreetmap.org/way/1186486978", "retrieved_at": "2026-09-22T17:24:13Z"}, "geometry": {"type": "Point", "coordinates": [76.5254088, 9.5639138]}}, {"type": "Feature", "properties": {"id": "osm-way-1195626889", "name": "Mar Geevarghese Dionysius Memorial Hospital", "facility_type": "private_clinic", "sector": "private", "state": "Kerala", "district": "Kottayam", "block": null, "address_raw": "", "geocode_precision": "exact", "services": [], "services_raw": "amenity=hospital; healthcare=hospital", "source": "OpenStreetMap / Overpass", "source_url": "https://www.openstreetmap.org/way/1195626889", "retrieved_at": "2026-09-22T17:24:13Z"}, "geometry": {"type": "Point", "coordinates": [76.6733204, 9.5289531]}}, {"type": "Feature", "properties": {"id": "osm-way-1217984735", "name": "Christraj Hospital Ayarkunnam", "facility_type": "private_clinic", "sector": "private", "state": "Kerala", "district": "Kottayam", "block": null, "address_raw": "Ayarkunnam-Thiruvanchoor Road, Ayarkunnam", "geocode_precision": "exact", "services": [], "services_raw": "amenity=hospital", "source": "OpenStreetMap / Overpass", "source_url": "https://www.openstreetmap.org/way/1217984735", "retrieved_at": "2026-09-22T17:24:13Z"}, "geometry": {"type": "Point", "coordinates": [76.6009121, 9.6333727]}}, {"type": "Feature", "properties": {"id": "osm-way-1271075600", "name": "St.Xaviers Hospital", "facility_type": "private_clinic", "sector": "private", "state": "Kerala", "district": "Kottayam", "block": null, "address_raw": "686602", "geocode_precision": "exact", "services": [], "services_raw": "amenity=hospital; healthcare=hospital", "source": "OpenStreetMap / Overpass", "source_url": "https://www.openstreetmap.org/way/1271075600", "retrieved_at": "2026-09-22T17:24:13Z"}, "geometry": {"type": "Point", "coordinates": [76.4107367, 9.7068935]}}, {"type": "Feature", "properties": {"id": "osm-way-1432565567", "name": "SH Medical Centre", "facility_type": "private_clinic", "sector": "private", "state": "Kerala", "district": "Kottayam", "block": null, "address_raw": "", "geocode_precision": "exact", "services": [], "services_raw": "amenity=hospital; healthcare=hospital", "source": "OpenStreetMap / Overpass", "source_url": "https://www.openstreetmap.org/way/1432565567", "retrieved_at": "2026-09-22T17:24:13Z"}, "geometry": {"type": "Point", "coordinates": [76.430153, 9.5951191]}}, {"type": "Feature", "properties": {"id": "osm-relation-12728496", "name": "St.Mary's Hospital;Manarcad St. Mary's Hospital Parking", "facility_type": "private_clinic", "sector": "private", "state": "Kerala", "district": "Kottayam", "block": null, "address_raw": "kidangoor-Ayarkunnam-Manarcadu Road, Manarcadu,Kottayam, 6860019", "geocode_precision": "exact", "services": [], "services_raw": "amenity=hospital; healthcare=hospital", "source": "OpenStreetMap / Overpass", "source_url": "https://www.openstreetmap.org/relation/12728496", "retrieved_at": "2026-09-22T17:24:13Z"}, "geometry": {"type": "Point", "coordinates": [76.585516, 9.5991081]}}]}